Time,RigidBody,x,y,z,qx,qy,qz,qw
1749908445,snake_tip,0.142799005,-0.032159075,1.195222855,0.050500065,-0.03133646,-0.270987868,0.960746229
1749908445,ST_C,0.179118052,0.030277131,1.692759991,-0.032291934,-0.045365106,-0.177615002,0.982523382
1749908445,ST_A,0.116019376,-0.139256224,1.672396898,0.096420445,-0.022741707,-0.46272108,0.880951226
1749908445,ST_B,0.187532648,-0.094720431,1.700926065,0.08199092,0.048684172,-0.497559905,0.862172544
1749908445,ST_D,0.045808792,-0.055868559,1.689815402,0.05843588,0.028954078,-0.011980853,0.997799218
1749908445,snake_tip,0.142969057,-0.032507777,1.195019245,0.052649193,-0.031540237,-0.271883845,0.960370958
1749908445,ST_C,0.179303244,0.030611042,1.69289887,-0.026754431,-0.045450825,-0.17508848,0.983139098
1749908445,ST_A,0.11639037,-0.139249563,1.672703266,0.084514797,-0.011565343,-0.452237695,0.887808919
1749908445,ST_B,0.187761649,-0.094624206,1.70100534,0.070712499,0.056564618,-0.496824205,0.863114059
1749908445,ST_D,0.045537807,-0.0558911,1.689959764,0.138464332,0.043621581,0.014597259,0.989298582
1749908445,snake_tip,0.144992366,-0.033635817,1.195145249,0.052158296,-0.033634268,-0.271827847,0.960342586
1749908445,ST_C,0.179150522,0.030388998,1.692868829,-0.032593474,-0.0442666,-0.179409161,0.982237518
1749908445,ST_A,0.116282187,-0.139294297,1.672816515,0.085563891,-0.012360409,-0.452406138,0.887611806
1749908445,ST_B,0.187576786,-0.094647042,1.701157928,0.048152357,0.071749203,-0.495720237,0.864172935
1749908445,ST_D,0.045420896,-0.055907972,1.69002521,0.143880993,0.044241734,0.016651621,0.988465309
1749908445,snake_tip,0.146904647,-0.03494782,1.195073247,0.051570483,-0.03487353,-0.271691144,0.960368752
1749908445,ST_C,0.178982511,0.0307253,1.693286777,-0.023287419,-0.044242069,-0.173183575,0.98361975
1749908445,ST_A,0.116221145,-0.139268652,1.672713995,0.086623862,-0.013115926,-0.452230692,0.887587607
1749908445,ST_B,0.187576696,-0.094617032,1.701016068,0.060659718,0.065218523,-0.496613145,0.863390028
1749908445,ST_D,0.045285162,-0.055937722,1.689949751,0.14874661,0.04660067,0.019421749,0.987585664
1749908445,snake_tip,0.147089303,-0.03543134,1.195360422,0.05182939,-0.035640519,-0.273710757,0.959753036
1749908445,ST_C,0.178781494,0.030129427,1.69328022,-0.029967112,-0.044070352,-0.176973909,0.982771575
1749908445,ST_A,0.115621127,-0.13927938,1.672938585,0.093060561,-0.019109694,-0.460181296,0.882727385
1749908445,ST_B,0.187038228,-0.094795197,1.701487303,0.075257555,0.052175749,-0.497233689,0.862770319
1749908445,ST_D,0.044973701,-0.055827443,1.690067887,0.15607205,0.047146648,0.020979701,0.98639673
1749908445,snake_tip,0.145341679,-0.035119615,1.195051908,0.049682017,-0.033734035,-0.272972137,0.960145712
1749908445,ST_C,0.179119512,0.030655861,1.693185449,-0.028545097,-0.044796813,-0.179071784,0.982400954
1749908445,ST_A,0.116338298,-0.139042288,1.672655821,0.090846039,-0.016448727,-0.456727654,0.884802938
1749908445,ST_B,0.187830001,-0.094362646,1.701131701,0.075806424,0.053578697,-0.497137934,0.862691462
1749908445,ST_D,0.045498777,-0.055693299,1.690045238,0.149806514,0.045819193,0.018164413,0.987486064
1749908446,snake_tip,0.142984554,-0.033294532,1.194779515,0.05188366,-0.024794724,-0.270619571,0.960967362
1749908446,ST_C,0.178578556,0.030350033,1.69368124,-0.02147668,-0.03721384,-0.180518091,0.982632756
1749908446,ST_A,0.116012804,-0.139292806,1.67335999,0.080949828,-0.011181204,-0.451440096,0.888551652
1749908446,ST_B,0.187388092,-0.094567098,1.700095415,0.07111001,0.056701373,-0.497912019,0.862445295
1749908446,ST_D,0.045231063,-0.055870757,1.690134764,0.141525134,0.042659033,0.019546697,0.988821864
1749908446,snake_tip,0.135449708,-0.030326342,1.193216681,0.057247978,0.00970404,-0.271373689,0.960721076
1749908446,ST_C,0.178365916,0.030506872,1.694352865,-0.014991728,-0.042436585,-0.168374449,0.984695137
1749908446,ST_A,0.115547769,-0.138933182,1.674311638,0.077479541,-0.03283456,-0.471751302,0.877706945
1749908446,ST_B,0.187770873,-0.094806507,1.695827603,0.133410618,0.028407095,-0.503257513,0.853303313
1749908446,ST_D,0.04656611,-0.056130029,1.693814754,0.040414624,0.043301508,0.037692115,0.997532368
1749908446,snake_tip,0.118873641,-0.025795531,1.193588376,0.055453919,0.054022525,-0.271043181,0.959448814
1749908446,ST_C,0.17839092,0.030660121,1.694547176,-0.013945505,-0.042980175,-0.169089779,0.984564304
1749908446,ST_A,0.115399726,-0.138589099,1.675771952,0.065345533,-0.040159389,-0.477193028,0.875445008
1749908446,ST_B,0.190113917,-0.094274826,1.689354062,0.238624424,0.004615354,-0.510439754,0.826128483
1749908446,ST_D,0.049940109,-0.049253583,1.7088871,0.178945437,0.168815747,-0.040600389,0.968416989
1749908446,snake_tip,0.093774408,-0.020765342,1.196076751,0.047735564,0.110033773,-0.270727098,0.955154836
1749908446,ST_C,0.17874147,0.030322239,1.692862749,-0.03441038,-0.044808559,-0.177397385,0.982516289
1749908446,ST_A,0.115816966,-0.13924098,1.673452735,0.124642663,-0.073987439,-0.485405833,0.86218977
1749908446,ST_B,0.188551083,-0.096224025,1.682209611,-0.003308908,0.171344042,-0.488967746,0.855301559
1749908446,ST_D,0.050762139,-0.056122232,1.711356759,0.16406627,0.127573594,0.025673226,0.977828264
1749908446,snake_tip,0.066051677,-0.016849047,1.201396346,0.03820502,0.163434073,-0.26739803,0.948856115
1749908446,ST_C,0.179368839,0.030498153,1.69133234,-0.048345901,-0.045386668,-0.177804574,0.981829047
1749908446,ST_A,0.115958273,-0.1390246,1.673633456,0.133679479,-0.093457974,-0.495774299,0.852996647
1749908446,ST_B,0.188894197,-0.095252007,1.684176207,0.078113444,0.067407124,-0.525626063,0.844435871
1749908446,ST_D,0.05417674,-0.050300375,1.722568989,0.296340793,0.206123367,-0.04511774,0.931482494
1749908446,snake_tip,0.043401174,-0.014653997,1.206798911,0.027067624,0.205235392,-0.264505684,0.941903651
1749908446,ST_C,0.179422989,0.030259816,1.690074086,-0.066546008,-0.048301157,-0.182177827,0.979821324
1749908446,ST_A,0.115630031,-0.13927719,1.673415065,0.133273482,-0.08902432,-0.494604319,0.854212821
1749908446,ST_B,0.188382164,-0.09400782,1.68588984,-0.008325891,0.092841372,-0.49574247,0.863452733
1749908446,ST_D,0.053458337,-0.051763467,1.720076799,0.139542356,0.094849095,-0.059495028,0.983865798
1749908446,snake_tip,0.031477474,-0.014421177,1.211654902,0.024039516,0.246137768,-0.260647804,0.933220685
1749908446,ST_C,0.180081755,0.030744137,1.687889576,-0.087920018,-0.044964693,-0.184478238,0.977863073
1749908446,ST_A,0.115646556,-0.138908774,1.673446894,0.118154638,-0.063172117,-0.483495355,0.865032375
1749908446,ST_B,0.188163668,-0.093593642,1.686275005,-0.043725748,0.109730579,-0.489838183,0.86377418
1749908446,ST_D,0.055799462,-0.051076218,1.731399179,0.212448239,0.187808067,-0.070803046,0.956337154
1749908446,snake_tip,0.026899226,-0.014352786,1.215578198,0.027249161,0.279233843,-0.260367572,0.923847795
1749908446,ST_C,0.180341974,0.030895002,1.686705351,-0.10377863,-0.048236489,-0.18349506,0.97633636
1749908446,ST_A,0.115829848,-0.138972431,1.673551321,0.110385232,-0.051427305,-0.476733357,0.870571971
1749908446,ST_B,0.18823044,-0.09343306,1.6866678,-0.033092331,0.097681895,-0.487657428,0.866921782
1749908446,ST_D,0.057259146,-0.051258467,1.733996987,-0.257176369,0.102948584,-0.190323621,0.941827416
1749908446,snake_tip,0.023178553,-0.013451528,1.220040917,0.025903286,0.311284393,-0.25597766,0.914825916
1749908446,ST_C,0.180249229,0.030774917,1.687192202,-0.101952054,-0.050387219,-0.18499057,0.976137996
1749908446,ST_A,0.115812786,-0.139049605,1.673719049,0.118522577,-0.063059315,-0.481154919,0.866294324
1749908446,ST_B,0.188262001,-0.093694791,1.686928511,-0.019783271,0.093329571,-0.490955293,0.86594522
1749908446,ST_D,0.056495558,-0.050037757,1.737410069,0.326182872,0.153680548,-0.083439454,0.928991377
1749908446,snake_tip,0.013786547,-0.010063724,1.225117803,0.02775481,0.34103018,-0.256528974,0.903947473
1749908446,ST_C,0.180275008,0.030742778,1.687056303,-0.10493058,-0.05065836,-0.185481384,0.975715101
1749908446,ST_A,0.115674578,-0.139056802,1.673986673,0.135400817,-0.090616852,-0.494495958,0.853773296
1749908446,ST_B,0.188227683,-0.09351936,1.687101126,-0.040168542,0.100524113,-0.487009168,0.866662264
1749908446,ST_D,nan,nan,nan,nan,nan,nan,nan
1749908447,snake_tip,-0.003361051,-0.005728165,1.233510733,0.024657715,0.379781097,-0.249558032,0.890437603
1749908447,ST_C,0.180371314,0.030838558,1.687173009,-0.103597082,-0.050212011,-0.183538303,0.976247966
1749908447,ST_A,0.115947112,-0.139031947,1.673756957,0.100570858,-0.041312199,-0.467933208,0.8770504
1749908447,ST_B,0.187093839,-0.091323309,1.688316464,-0.073673025,0.075483568,-0.481830627,0.869892955
1749908447,ST_D,nan,nan,nan,nan,nan,nan,nan
1749908447,snake_tip,-0.019811697,-0.002853868,1.241273403,0.023293326,0.411423028,-0.26579994,0.871515274
1749908447,ST_C,0.180217057,0.03063352,1.687162995,-0.100354128,-0.048660245,-0.185161367,0.976358891
1749908447,ST_A,0.115415715,-0.139108136,1.673420787,0.085927211,-0.018914038,-0.457369715,0.884913385
1749908447,ST_B,0.187138245,-0.090960607,1.688222051,-0.058729898,0.049203042,-0.477790385,0.875126362
1749908447,ST_D,nan,nan,nan,nan,nan,nan,nan
1749908447,snake_tip,-0.031588677,-0.004795477,1.249148965,-0.003137835,0.446352124,-0.252644062,0.858446777
1749908447,ST_C,0.180391505,0.030801717,1.686968327,-0.103677742,-0.048493214,-0.182169527,0.976582587
1749908447,ST_A,0.116030946,-0.139082775,1.673674703,0.08138983,-0.007806689,-0.450951457,0.888795555
1749908447,ST_B,0.187084809,-0.090301089,1.689265132,-0.048969585,0.021008162,-0.473553032,0.879152
1749908447,ST_D,nan,nan,nan,nan,nan,nan,nan
1749908447,snake_tip,-0.039059058,-0.003905467,1.254544735,0.013569715,0.467504919,-0.262667507,0.843955398
1749908447,ST_C,0.180130258,0.030505957,1.687434196,-0.10225559,-0.049803399,-0.186256781,0.975895464
1749908447,ST_A,0.115682065,-0.139283463,1.67332077,0.080624714,-0.004682028,-0.447506964,0.890626311
1749908447,ST_B,0.186787322,-0.090617456,1.689135075,-0.054691147,0.021995792,-0.474216104,0.87843281
1749908447,ST_D,nan,nan,nan,nan,nan,nan,nan
1749908447,snake_tip,-0.043896526,-0.004294739,1.259528637,-0.001227869,0.48538357,-0.246746853,0.838759422
1749908447,ST_C,0.180342287,0.030877385,1.68728292,-0.102118604,-0.048435766,-0.185137913,0.976191401
1749908447,ST_A,0.115986012,-0.13888979,1.673088193,0.092068866,-0.011879464,-0.453278989,0.886521518
1749908447,ST_B,0.187137723,-0.090132669,1.689344287,-0.072777018,0.033201784,-0.472758412,0.877553701
1749908447,ST_D,nan,nan,nan,nan,nan,nan,nan
1749908447,snake_tip,-0.047677889,-0.001184193,1.26281631,-0.002568734,0.501375496,-0.245530933,0.829656899
1749908447,ST_C,0.18011041,0.0306405,1.68750751,-0.104562044,-0.05018764,-0.185961306,0.975687623
1749908447,ST_A,0.115656525,-0.139218226,1.673710227,0.081131034,-0.007436003,-0.449268043,0.889674485
1749908447,ST_B,0.186881766,-0.09040571,1.68924427,-0.033833139,0.00028792,-0.472613394,0.880620182
1749908447,ST_D,nan,nan,nan,nan,nan,nan,nan
1749908447,snake_tip,-0.051235721,0.000788415,1.266236424,-0.005230771,0.512382627,-0.235430479,0.825838506
1749908447,ST_C,0.180192187,0.030968174,1.687358856,-0.105423786,-0.052060664,-0.184395477,0.975793958
1749908447,ST_A,0.115801141,-0.138843611,1.673510313,0.083957002,-0.008682772,-0.449607819,0.889229238
1749908447,ST_B,0.186901957,-0.090055995,1.689600348,-0.07539437,0.031655278,-0.472653091,0.877446711
1749908447,ST_D,nan,nan,nan,nan,nan,nan,nan
1749908447,snake_tip,-0.05484841,0.003535426,1.269087076,0.001565621,0.521463394,-0.236463889,0.819852591
1749908447,ST_C,0.180131942,0.03092606,1.687646151,-0.102380335,-0.052923486,-0.183878511,0.976169169
1749908447,ST_A,0.115669355,-0.139117032,1.673710108,0.080037013,-0.005559899,-0.447261661,0.890797496
1749908447,ST_B,0.186793447,-0.090294443,1.689507008,-0.053315077,0.008973029,-0.472129017,0.879869938
1749908447,ST_D,nan,nan,nan,nan,nan,nan,nan
1749908447,snake_tip,-0.057741184,0.003753317,1.270347834,-0.001326261,0.52613312,-0.23071523,0.81850636
1749908447,ST_C,0.180096373,0.030701322,1.687309384,-0.104627259,-0.048992179,-0.186656177,0.975608766
1749908447,ST_A,0.115715042,-0.139161304,1.673597932,0.08093863,-0.000777615,-0.446220487,0.891255081
1749908447,ST_B,0.186919987,-0.090118162,1.689437866,-0.048676793,-0.010450457,-0.47127381,0.880580664
1749908447,ST_D,nan,nan,nan,nan,nan,nan,nan
1749908447,snake_tip,-0.053283054,0.002299255,1.265582085,0.009899121,0.518825114,-0.237779826,0.821086645
1749908447,ST_C,0.180098772,0.030625334,1.687087893,-0.103842713,-0.050052639,-0.186002985,0.97576344
1749908447,ST_A,0.115481421,-0.13909471,1.673246861,0.080076903,0.001170921,-0.448559433,0.890157759
1749908447,ST_B,0.186759949,-0.090069562,1.689469814,-0.032974366,-0.026114833,-0.469996274,0.881665587
1749908447,ST_D,nan,nan,nan,nan,nan,nan,nan
1749908448,snake_tip,-0.038821764,-0.002151805,1.257985353,0.009878931,0.498466879,-0.237699732,0.833625793
1749908448,ST_C,0.180188283,0.030830355,1.687252045,-0.105231985,-0.049823251,-0.185753375,0.975673914
1749908448,ST_A,0.116011262,-0.139078155,1.673755288,0.075659849,0.003660365,-0.443856478,0.892890573
1749908448,ST_B,0.186837733,-0.089852057,1.69005692,-0.041464061,-0.012782186,-0.469987333,0.881606102
1749908448,ST_D,nan,nan,nan,nan,nan,nan,nan
1749908448,snake_tip,-0.021774678,-0.006091324,1.250188351,0.007661175,0.473855823,-0.243795007,0.846147716
1749908448,ST_C,0.180103824,0.030558191,1.687505364,-0.105946466,-0.051150091,-0.185692042,0.975539565
1749908448,ST_A,0.11554677,-0.139241904,1.673636317,0.088427514,-0.010393456,-0.453750253,0.886669755
1749908448,ST_B,0.186827227,-0.090402521,1.689971924,-0.058178943,0.026727673,-0.471158147,0.879722059
1749908448,ST_D,nan,nan,nan,nan,nan,nan,nan
1749908448,snake_tip,-0.013080273,-0.008025476,1.245510221,0.007093259,0.458022624,-0.244819313,0.85453409
1749908448,ST_C,0.180241421,0.030749889,1.687435269,-0.105317861,-0.049543936,-0.186608642,0.975515604
1749908448,ST_A,0.115966454,-0.139142811,1.673925519,0.077463411,-0.002721932,-0.44610858,0.891616046
1749908448,ST_B,0.187339067,-0.090360098,1.689353228,-0.059967976,0.040021818,-0.471974075,0.878659487
1749908448,ST_D,nan,nan,nan,nan,nan,nan,nan
1749908448,snake_tip,-0.014013177,-0.006676967,1.241974115,0.011576263,0.438904732,-0.247139618,0.863800108
1749908448,ST_C,0.180161327,0.030715263,1.687354565,-0.1034282,-0.053858154,-0.183341295,0.976108611
1749908448,ST_A,0.115680337,-0.139146879,1.673563242,0.092476696,-0.016723763,-0.45677644,0.884603679
1749908448,ST_B,0.187061131,-0.090188712,1.689681649,-0.023324361,-0.010418738,-0.470038623,0.882276118
1749908448,ST_D,nan,nan,nan,nan,nan,nan,nan
1749908448,snake_tip,-0.014098259,-0.005089884,1.235758066,0.018272718,0.394248456,-0.251113802,0.883841693
1749908448,ST_C,0.180109099,0.030744202,1.686687469,-0.104245156,-0.048208643,-0.184259087,0.976144135
1749908448,ST_A,0.11549709,-0.139094874,1.673220158,0.080955341,-0.003321528,-0.449377447,0.88966012
1749908448,ST_B,0.187059015,-0.090057962,1.688708901,-0.027682459,-0.004647987,-0.468354166,0.883094728
1749908448,ST_D,nan,nan,nan,nan,nan,nan,nan
1749908448,snake_tip,-0.003782104,-0.007751797,1.225901008,0.025506446,0.335879922,-0.268256366,0.90253675
1749908448,ST_C,0.180110201,0.030951556,1.686412692,-0.10351792,-0.045873951,-0.18315044,0.976542652
1749908448,ST_A,0.116111204,-0.139100924,1.673767328,0.074329652,0.001191825,-0.444388866,0.892744243
1749908448,ST_B,0.187266037,-0.089808717,1.688567042,-0.021632839,-0.005984716,-0.467436969,0.883741438
1749908448,ST_D,nan,nan,nan,nan,nan,nan,nan
1749908448,snake_tip,0.025899611,-0.014635298,1.212241769,0.023177657,0.258488029,-0.261705369,0.929600477
1749908448,ST_C,0.17905347,0.031155176,1.689065814,-0.07706818,-0.046892911,-0.178418547,0.979810357
1749908448,ST_A,0.114489004,-0.139209643,1.672814846,0.095684431,-0.018455565,-0.465227932,0.879810691
1749908448,ST_B,0.187723354,-0.090470456,1.687241197,-0.028447948,0.039478961,-0.471900284,0.880307972
1749908448,ST_D,0.054687217,-0.049774952,1.725845814,-0.060116202,0.071042307,-0.184439123,0.978427947
1749908448,snake_tip,0.072447479,-0.021814456,1.200595617,0.03590481,0.166277125,-0.25963375,0.950606704
1749908448,ST_C,0.177772269,0.031928852,1.690619826,-0.058510434,-0.045105737,-0.165045574,0.983515143
1749908448,ST_A,0.11601834,-0.139091313,1.673275828,0.097582057,-0.021842565,-0.453565329,0.885595322
1749908448,ST_B,0.192261457,-0.089670561,1.684356809,0.003284144,0.108761325,-0.449836314,0.886457801
1749908448,ST_D,nan,nan,nan,nan,nan,nan,nan
1749908448,snake_tip,0.117638297,-0.0282316,1.194837213,0.043923583,0.079926677,-0.260047197,0.961279333
1749908448,ST_C,0.176728338,0.032363892,1.693639159,-0.030006289,-0.04887915,-0.158302948,0.985723317
1749908448,ST_A,0.115903504,-0.13904804,1.673749685,0.085690431,-0.02065734,-0.453872532,0.886696219
1749908448,ST_B,0.19491154,-0.087410532,1.688340545,0.099063098,0.080978319,-0.418497115,0.899160266
1749908448,ST_D,0.049995311,-0.050608903,1.712245464,0.201998532,0.119647421,-0.047346715,0.970896184
1749908448,snake_tip,0.148123965,-0.031060698,1.194620252,0.059580583,0.005650791,-0.265975893,0.962119997
1749908448,ST_C,0.176379085,0.03204339,1.694489479,-0.018203231,-0.042127263,-0.162366182,0.985662878
1749908448,ST_A,0.115128003,-0.138729393,1.676144838,0.101871997,-0.083881497,-0.495227993,0.858682275
1749908448,ST_B,0.194725603,-0.086561032,1.696840167,0.163125023,0.029223068,-0.418447882,0.892993629
1749908448,ST_D,0.049432453,-0.055824317,1.706861138,-0.041083455,0.107168384,-0.000325136,0.993391752
1749908449,snake_tip,0.158337489,-0.031747621,1.195599198,0.061322831,-0.035919774,-0.272823185,0.959435642
1749908449,ST_C,0.176742405,0.031892691,1.693244815,-0.027266929,-0.042113692,-0.161322683,0.985625684
1749908449,ST_A,0.115283407,-0.138795868,1.673664927,0.080040172,-0.013703395,-0.464200616,0.881999791
1749908449,ST_B,0.190835148,-0.090100363,1.700764894,0.103086486,0.039255101,-0.446723878,0.887845755
1749908449,ST_D,nan,nan,nan,nan,nan,nan,nan
1749908449,snake_tip,0.155013308,-0.031893104,1.197878122,0.056859698,-0.06238563,-0.27713719,0.957115471
1749908449,ST_C,0.177467629,0.031928197,1.690697908,-0.056553207,-0.049047742,-0.164748192,0.983490765
1749908449,ST_A,0.115987241,-0.139198944,1.672671676,0.095246017,-0.013882896,-0.452858776,0.886371434
1749908449,ST_B,0.187990531,-0.093659386,1.7041291,0.060601972,0.071925581,-0.483755261,0.870135009
1749908449,ST_D,nan,nan,nan,nan,nan,nan,nan
1749908449,snake_tip,0.150152862,-0.034202483,1.197604775,0.050544027,-0.065134704,-0.277344912,0.957226574
1749908449,ST_C,0.177393168,0.03160001,1.690368772,-0.053041805,-0.04388484,-0.168114141,0.983360767
1749908449,ST_A,0.115807801,-0.139073744,1.672062635,0.094049513,-0.014553763,-0.456690252,0.88452071
1749908449,ST_B,0.191161454,-0.090119533,1.704810262,0.056323227,0.066875771,-0.434527785,0.896404386
1749908449,ST_D,nan,nan,nan,nan,nan,nan,nan
1749908449,snake_tip,0.150575742,-0.037775084,1.197653532,0.04915107,-0.066853188,-0.272967756,0.958438039
1749908449,ST_C,0.177314043,0.031707823,1.690794468,-0.051355988,-0.043767825,-0.168972626,0.983308315
1749908449,ST_A,0.115724459,-0.139040872,1.672395468,0.095828563,-0.01675253,-0.460701793,0.882207513
1749908449,ST_B,0.191058934,-0.090257034,1.705749989,0.040496316,0.064669669,-0.434887558,0.897246242
1749908449,ST_D,nan,nan,nan,nan,nan,nan,nan
1749908449,snake_tip,0.154531583,-0.041423421,1.197729588,0.041914795,-0.069919907,-0.270247638,0.95933342
1749908449,ST_C,0.177234873,0.03172446,1.691756487,-0.037547432,-0.040643584,-0.163106337,0.985055685
1749908449,ST_A,0.115959555,-0.138981611,1.672364473,0.097816147,-0.019026307,-0.461050391,0.881761014
1749908449,ST_B,0.188272774,-0.093639225,1.706192255,0.012879741,0.075550169,-0.478638977,0.874660552
1749908449,ST_D,nan,nan,nan,nan,nan,nan,nan
1749908449,snake_tip,0.159340769,-0.042051502,1.197959781,0.044415321,-0.075104311,-0.266419739,0.959899545
1749908449,ST_C,0.177171007,0.031533167,1.69200623,-0.038013157,-0.044318669,-0.163131669,0.984875143
1749908449,ST_A,0.115874253,-0.139230967,1.672547579,0.095881842,-0.017778594,-0.460372716,0.882353425
1749908449,ST_B,0.188673824,-0.093422189,1.706335783,0.06000109,0.04804134,-0.476733029,0.875681162
1749908449,ST_D,nan,nan,nan,nan,nan,nan,nan
1749908449,snake_tip,0.161134124,-0.039635893,1.197970986,0.048601232,-0.074970156,-0.265169352,0.960053444
1749908449,ST_C,0.177218303,0.031704783,1.691956639,-0.039673377,-0.044917382,-0.165443182,0.984396756
1749908449,ST_A,0.116079308,-0.139274821,1.67235291,0.098348588,-0.020556591,-0.460656017,0.881873548
1749908449,ST_B,0.188269004,-0.093934193,1.70576942,0.009773726,0.082751147,-0.477892995,0.874456942
1749908449,ST_D,nan,nan,nan,nan,nan,nan,nan
1749908449,snake_tip,0.159254417,-0.035533801,1.19765377,0.055933401,-0.0716765,-0.26633054,0.959584296
1749908449,ST_C,0.177343577,0.031556241,1.691208243,-0.047504622,-0.047275186,-0.166885272,0.983695984
1749908449,ST_A,0.116137676,-0.139208823,1.67211771,0.098989941,-0.019806229,-0.461642057,0.881303191
1749908449,ST_B,0.187847346,-0.094621345,1.705221415,0.079496704,0.043578383,-0.489749849,0.867136836
1749908449,ST_D,nan,nan,nan,nan,nan,nan,nan
1749908449,snake_tip,0.155781999,-0.032140691,1.197611809,0.059166986,-0.068926267,-0.26938054,0.958739996
1749908449,ST_C,0.177467003,0.031591117,1.690920711,-0.052002929,-0.050545167,-0.163132146,0.983935356
1749908449,ST_A,0.116044916,-0.139408171,1.672098756,0.097255066,-0.018123606,-0.460514754,0.882121921
1749908449,ST_B,0.187496707,-0.095108613,1.704903722,0.088682592,0.041981447,-0.494461834,0.863643765
1749908449,ST_D,nan,nan,nan,nan,nan,nan,nan
1749908449,snake_tip,0.153657213,-0.03181468,1.197340369,0.056251846,-0.067448497,-0.270951152,0.95857811
1749908449,ST_C,0.177858919,0.031382658,1.690395474,-0.052504156,-0.044858932,-0.168654367,0.983253062
1749908449,ST_A,0.116445281,-0.139386684,1.671623349,0.100739256,-0.020375475,-0.462956816,0.88040185
1749908449,ST_B,0.187910438,-0.095064431,1.704416513,0.045731187,0.073624633,-0.491971344,0.866286457
1749908449,ST_D,nan,nan,nan,nan,nan,nan,nan
1749908450,snake_tip,0.154583395,-0.03430428,1.197364688,0.055120695,-0.069695659,-0.271218956,0.958407223
1749908450,ST_C,0.177816093,0.031233605,1.690757275,-0.052540995,-0.049579069,-0.163717359,0.983858764
1749908450,ST_A,0.116373792,-0.139648676,1.671774387,0.099750049,-0.019567182,-0.461646914,0.881220281
1749908450,ST_B,0.187859684,-0.095309481,1.704694748,0.052286036,0.065253757,-0.493185222,0.865896344
1749908450,ST_D,nan,nan,nan,nan,nan,nan,nan
1749908450,snake_tip,0.156965107,-0.038692635,1.197409034,0.047937747,-0.071935698,-0.271303207,0.958604038
1749908450,ST_C,0.177714497,0.031113338,1.691359282,-0.044076707,-0.04444959,-0.166747063,0.984010637
1749908450,ST_A,0.116612792,-0.139643073,1.671889663,0.100310177,-0.021153735,-0.461806029,0.881036639
1749908450,ST_B,0.188088939,-0.095272027,1.704873085,0.061665397,0.057608996,-0.493837774,0.865449488
1749908450,ST_D,nan,nan,nan,nan,nan,nan,nan
1749908450,snake_tip,0.158638224,-0.041529991,1.197322369,0.046781644,-0.073717892,-0.271320641,0.958520949
1749908450,ST_C,0.177987009,0.031015126,1.691416025,-0.039068006,-0.041376624,-0.166924462,0.984326065
1749908450,ST_A,0.116734825,-0.139828488,1.671795845,0.099895068,-0.021029947,-0.462370187,0.88079083
1749908450,ST_B,0.188073888,-0.095516726,1.704748988,0.050574318,0.064965539,-0.491672844,0.866879225
1749908450,ST_D,nan,nan,nan,nan,nan,nan,nan
1749908450,snake_tip,0.157846913,-0.041948281,1.197350621,0.044275802,-0.072794698,-0.271722943,0.958596528
1749908450,ST_C,0.177840441,0.030915482,1.691717744,-0.038874682,-0.043418005,-0.166453868,0.984325528
1749908450,ST_A,0.116666816,-0.139916718,1.671912432,0.099008739,-0.019087475,-0.46053496,0.881896019
1749908450,ST_B,0.188108012,-0.095546067,1.704887986,0.065518759,0.054334521,-0.493885905,0.865350664
1749908450,ST_D,nan,nan,nan,nan,nan,nan,nan
1749908450,snake_tip,0.156052142,-0.039425854,1.197128534,0.047606494,-0.071369469,-0.27105242,0.958733857
1749908450,ST_C,0.177656621,0.030955916,1.691487551,-0.040552214,-0.045557674,-0.163435012,0.984666944
1749908450,ST_A,0.116519578,-0.139999136,1.671610117,0.099821232,-0.018345358,-0.461207598,0.881468534
1749908450,ST_B,0.18793574,-0.095685266,1.704714179,0.0545214,0.063873507,-0.492858738,0.866047263
1749908450,ST_D,nan,nan,nan,nan,nan,nan,nan
1749908450,snake_tip,0.154911473,-0.035582818,1.197110415,0.053459235,-0.069541089,-0.269113332,0.959105909
1749908450,ST_C,0.177867532,0.030953027,1.690734506,-0.04589396,-0.042443667,-0.168213293,0.983766437
1749908450,ST_A,0.116585381,-0.139886588,1.671366453,0.100417517,-0.017210264,-0.461633652,0.881200612
1749908450,ST_B,0.188043639,-0.095553935,1.704487801,0.06133841,0.057996195,-0.493291676,0.86575824
1749908450,ST_D,nan,nan,nan,nan,nan,nan,nan
1749908450,snake_tip,0.155516684,-0.033106264,1.19729507,0.054870065,-0.06956701,-0.270043224,0.958762944
1749908450,ST_C,0.177824125,0.030824935,1.690633059,-0.049638871,-0.044659488,-0.169141084,0.983327448
1749908450,ST_A,0.116573319,-0.139933482,1.67153728,0.099403113,-0.018956039,-0.461524189,0.881337106
1749908450,ST_B,0.188015729,-0.095573694,1.704615831,0.062715113,0.057580128,-0.493307739,0.865678191
1749908450,ST_D,nan,nan,nan,nan,nan,nan,nan
1749908450,snake_tip,0.157313123,-0.03271772,1.197468162,0.057150457,-0.070071794,-0.269705057,0.95868808
1749908450,ST_C,0.177744761,0.030738669,1.690649509,-0.055600863,-0.048824195,-0.167440087,0.983101428
1749908450,ST_A,0.116404667,-0.13994588,1.671600461,0.100633398,-0.018625529,-0.461523503,0.881204903
1749908450,ST_B,0.187784314,-0.095618352,1.704718828,0.066472001,0.054334845,-0.49311474,0.86571759
1749908450,ST_D,nan,nan,nan,nan,nan,nan,nan
1749908450,snake_tip,0.158240631,-0.034863371,1.197414517,0.054520797,-0.070909031,-0.268781394,0.959039152
1749908450,ST_C,0.177941129,0.03112169,1.690771937,-0.054944269,-0.04940059,-0.165972486,0.983358443
1749908450,ST_A,0.11673332,-0.139702141,1.671652555,0.102531627,-0.02159171,-0.462868094,0.880212545
1749908450,ST_B,0.188224599,-0.09531457,1.704779029,0.059561159,0.060426295,-0.49429518,0.865143597
1749908450,ST_D,nan,nan,nan,nan,nan,nan,nan
1749908450,snake_tip,0.157689646,-0.038054191,1.197450042,0.050502334,-0.07253819,-0.270005226,0.958793521
1749908450,ST_C,0.177553147,0.030768029,1.691352606,-0.041270494,-0.042471573,-0.167630345,0.984069645
1749908450,ST_A,0.116287142,-0.140024811,1.671844721,0.099068157,-0.019734599,-0.462068349,0.881072521
1749908450,ST_B,0.187686503,-0.095691241,1.704897165,0.055246297,0.061790757,-0.492868513,0.866146863
1749908450,ST_D,nan,nan,nan,nan,nan,nan,nan
1749908451,snake_tip,0.155886784,-0.040598068,1.197203398,0.04513504,-0.071538217,-0.26989314,0.959167778
1749908451,ST_C,0.177608892,0.031048531,1.691645145,-0.042988762,-0.0455424,-0.16548194,0.984222353
1749908451,ST_A,0.116580315,-0.139773175,1.671794415,0.101504862,-0.022182884,-0.46204558,0.880748868
1749908451,ST_B,0.18799983,-0.095364422,1.70483768,0.066993095,0.05428132,-0.493655592,0.865372539
1749908451,ST_D,nan,nan,nan,nan,nan,nan,nan
1749908451,snake_tip,0.154908538,-0.04087675,1.19718492,0.045387402,-0.071277179,-0.26949358,0.959287643
1749908451,ST_C,0.17751731,0.030872965,1.691570401,-0.040448152,-0.044778399,-0.16630663,0.984226048
1749908451,ST_A,0.116307892,-0.139857158,1.671717048,0.100344114,-0.020281229,-0.462159932,0.88086772
1749908451,ST_B,0.187707394,-0.095537879,1.704811573,0.04490101,0.068832368,-0.491936237,0.866743803
1749908451,ST_D,nan,nan,nan,nan,nan,nan,nan
1749908451,snake_tip,0.154014036,-0.039114598,1.196292043,0.04708856,-0.058989897,-0.270429879,0.959776282
1749908451,ST_C,0.177243114,0.031040572,1.692399502,-0.034229957,-0.043193776,-0.164888144,0.984771311
1749908451,ST_A,0.116376564,-0.139827192,1.672074914,0.098813623,-0.020920336,-0.460940301,0.881664455
1749908451,ST_B,0.187850147,-0.095235474,1.703682423,0.029280432,0.076131545,-0.492193103,0.866655946
1749908451,ST_D,nan,nan,nan,nan,nan,nan,nan
1749908451,snake_tip,0.149022847,-0.03415668,1.194114089,0.054104056,-0.021877442,-0.272630513,0.960347235
1749908451,ST_C,0.176747724,0.031118006,1.693865776,-0.019653175,-0.043908197,-0.154542178,0.98681438
1749908451,ST_A,0.116408467,-0.139634594,1.673483491,0.091160193,-0.03239714,-0.468173623,0.87832433
1749908451,ST_B,0.188108191,-0.095113829,1.699492097,0.069174416,0.05565013,-0.501287162,0.860714316
1749908451,ST_D,nan,nan,nan,nan,nan,nan,nan
1749908451,snake_tip,0.133952796,-0.026931345,1.192964673,0.061626516,0.023564305,-0.272429496,0.959910929
1749908451,ST_C,0.176339045,0.031078903,1.694202185,-0.011815281,-0.03859191,-0.153649256,0.987300873
1749908451,ST_A,0.115735635,-0.139421552,1.674865246,0.057920322,-0.027473969,-0.468261987,0.88126111
1749908451,ST_B,0.188602626,-0.095515378,1.694249272,0.193924934,-0.007156083,-0.512999475,0.836165905
1749908451,ST_D,0.047285844,-0.055451784,1.699262619,-0.002293698,0.034078859,-0.032666065,0.998882592
1749908451,snake_tip,0.107779086,-0.019957613,1.193902731,0.058528326,0.079236798,-0.270453155,0.957680047
1749908451,ST_C,0.177020848,0.031030366,1.693503857,-0.024724402,-0.047732793,-0.162135378,0.985303283
1749908451,ST_A,0.115545481,-0.139403179,1.673778176,0.093068041,-0.057173729,-0.486260116,0.866960526
1749908451,ST_B,0.189102218,-0.096242554,1.684253931,0.076964341,0.140072644,-0.501977324,0.849985242
1749908451,ST_D,0.051098909,-0.055113703,1.711603522,0.155095592,0.175180361,0.003977663,0.972235262
1749908451,snake_tip,0.076497719,-0.015207115,1.198428512,0.046848811,0.143015102,-0.268651366,0.951408505
1749908451,ST_C,0.177345276,0.03114314,1.69258523,-0.029165715,-0.04686835,-0.162187591,0.985214651
1749908451,ST_A,0.116234817,-0.139926404,1.672800303,0.13457194,-0.088832892,-0.494437218,0.854125798
1749908451,ST_B,0.188162521,-0.096975498,1.682549715,-0.035518035,0.157677352,-0.493948132,0.854336917
1749908451,ST_D,0.051453259,-0.053569578,1.712752938,0.154436216,0.110463619,-0.033273682,0.981244147
1749908451,snake_tip,0.051428206,-0.014472168,1.203108668,0.031559296,0.180167884,-0.265357256,0.946640968
1749908451,ST_C,0.177316368,0.030859247,1.691531658,-0.043590192,-0.045035534,-0.167133361,0.983940125
1749908451,ST_A,0.11592035,-0.139927238,1.672439814,0.1089577,-0.047860678,-0.477134347,0.870735526
1749908451,ST_B,0.189002484,-0.095276274,1.684721112,0.034915503,0.079034992,-0.511072338,0.85518384
1749908451,ST_D,0.053790033,-0.053505532,1.722717643,0.321446478,0.197758794,-0.024806667,0.92571497
1749908451,snake_tip,0.038743101,-0.016832199,1.207294226,0.023034424,0.217166513,-0.262190312,0.939981043
1749908451,ST_C,0.177621722,0.030719932,1.689556599,-0.066520229,-0.047565691,-0.168667704,0.982274771
1749908451,ST_A,0.115892895,-0.139940917,1.672524691,0.109144427,-0.044948205,-0.475316316,0.871860981
1749908451,ST_B,0.188589096,-0.094778098,1.685222268,-0.040555499,0.115341447,-0.491670489,0.862155259
1749908451,ST_D,0.054262169,-0.052162997,1.724543691,0.265961587,0.160296336,-0.049804408,0.949257135
1749908451,snake_tip,0.037801802,-0.019604499,1.209966183,0.021626163,0.24234432,-0.259623915,0.93455714
1749908451,ST_C,0.177703649,0.030983996,1.688866377,-0.077413656,-0.047778603,-0.169529736,0.981317461
1749908451,ST_A,0.115977921,-0.139908031,1.672935963,0.116335101,-0.058156971,-0.480615348,0.867232859
1749908451,ST_B,0.1884875,-0.094748415,1.685697556,-0.028788045,0.106123023,-0.492938906,0.863087654
1749908451,ST_D,0.055228245,-0.051463444,1.729036093,0.30801338,0.167828724,-0.05897148,0.934603453
1749908452,snake_tip,0.04064763,-0.020071218,1.211719036,0.024473488,0.259048551,-0.258408278,0.930333316
1749908452,ST_C,0.17446366,0.034402605,1.685982943,-0.091203772,-0.037931416,-0.137967736,0.985498905
1749908452,ST_A,0.11613778,-0.139932528,1.673296452,0.137101412,-0.090715915,-0.493661284,0.853974462
1749908452,ST_B,0.188594073,-0.09482237,1.685558796,-0.01266359,0.100986429,-0.495929867,0.862377465
1749908452,ST_D,0.057080898,-0.052146569,1.734979391,0.196407735,0.184754714,-0.117886759,0.955715656
1749908452,snake_tip,0.037718069,-0.016746962,1.214586735,0.024937978,0.278475046,-0.256803513,0.925138652
1749908452,ST_C,0.162769809,0.040168669,1.683274746,-0.109610364,-0.02824766,-0.046875142,0.992466748
1749908452,ST_A,0.116183221,-0.139981091,1.673558474,0.134811684,-0.089900605,-0.49297604,0.854820669
1749908452,ST_B,0.188592657,-0.09491843,1.685980558,-0.025239347,0.107632421,-0.496424437,0.861011624
1749908452,ST_D,0.05683928,-0.051778309,1.734976649,0.097147763,0.136707246,-0.133630469,0.976737559
1749908452,snake_tip,0.025143605,-0.010463322,1.219407082,0.035808768,0.30778718,-0.257134289,0.915350616
1749908452,ST_C,0.155828476,0.042620569,1.682271004,-0.101135284,-0.011748838,0.002723944,0.994799495
1749908452,ST_A,0.116059318,-0.139847726,1.67267561,0.107679099,-0.038658809,-0.470604569,0.874895453
1749908452,ST_B,0.188501969,-0.094573073,1.686258674,-0.017894212,0.091485292,-0.490963846,0.866178215
1749908452,ST_D,0.056934964,-0.050925966,1.738792062,0.317507386,0.173501238,-0.083167382,0.928530872
1749908452,snake_tip,0.006148092,-0.003949199,1.226241469,0.033279642,0.343376249,-0.253515661,0.903722882
1749908452,ST_C,0.15845722,0.041493233,1.680298567,-0.114351586,0.004271637,-0.020003129,0.993229747
1749908452,ST_A,0.115948871,-0.14008154,1.672851205,0.095176943,-0.031343546,-0.462716013,0.880825043
1749908452,ST_B,0.187195972,-0.092317946,1.687006116,-0.01580273,0.032022819,-0.483312279,0.874719381
1749908452,ST_D,nan,nan,nan,nan,nan,nan,nan
1749908452,snake_tip,-0.009782915,-0.003988215,1.232860565,0.02572264,0.371285111,-0.255518228,0.892298222
1749908452,ST_C,0.157706499,0.041840348,1.681546807,-0.100372851,-0.001229691,-0.012373842,0.994872153
1749908452,ST_A,0.11585658,-0.139879346,1.672464252,0.10188169,-0.030429399,-0.465901077,0.878425002
1749908452,ST_B,0.18749994,-0.091672078,1.687620401,-0.07337302,0.058376577,-0.477034062,0.873869061
1749908452,ST_D,nan,nan,nan,nan,nan,nan,nan
1749908452,snake_tip,-0.015718078,-0.009728792,1.236412406,0.014114654,0.39034,-0.248360455,0.886426806
1749908452,ST_C,0.157250479,0.041829634,1.680465341,-0.112836875,-0.000719436,-0.009928356,0.993563652
1749908452,ST_A,0.115863428,-0.140099153,1.672898293,0.091477774,-0.022575105,-0.460473597,0.882658601
1749908452,ST_B,0.187380567,-0.09181653,1.687917233,-0.058504526,0.04828009,-0.477292567,0.875464499
1749908452,ST_D,nan,nan,nan,nan,nan,nan,nan
1749908452,snake_tip,-0.015518459,-0.014511439,1.238107324,0.005723174,0.402079254,-0.24436453,0.882374942
1749908452,ST_C,0.15729402,0.042016529,1.68140161,-0.107642032,-0.006519988,-0.008704932,0.994130194
1749908452,ST_A,0.116072543,-0.139936149,1.673000574,0.088447303,-0.02026695,-0.456786811,0.884936273
1749908452,ST_B,0.187579766,-0.091606699,1.688047647,-0.065031923,0.052985128,-0.476308882,0.875267565
1749908452,ST_D,nan,nan,nan,nan,nan,nan,nan
1749908452,snake_tip,-0.014720242,-0.014318413,1.239827752,0.007738746,0.413985848,-0.243371189,0.877112448
1749908452,ST_C,0.157011703,0.042206623,1.680848598,-0.110880174,-0.000645234,-0.007302826,0.99380672
1749908452,ST_A,0.115817152,-0.139812365,1.673389554,0.081820302,-0.014519646,-0.453344613,0.887453198
1749908452,ST_B,0.187524796,-0.09140154,1.688357115,-0.0668566,0.054516315,-0.475295305,0.875586927
1749908452,ST_D,nan,nan,nan,nan,nan,nan,nan
1749908452,snake_tip,-0.018448761,-0.008905732,1.243422747,0.012578332,0.430644542,-0.240686983,0.869745255
1749908452,ST_C,0.157001391,0.042168643,1.681133747,-0.114911802,-0.007560108,-0.007325188,0.993319988
1749908452,ST_A,0.115836829,-0.139875472,1.673438907,0.082159959,-0.015981499,-0.454144806,0.886987507
1749908452,ST_B,0.187537029,-0.091368318,1.688235879,-0.061762493,0.051800564,-0.475394994,0.876071751
1749908452,ST_D,nan,nan,nan,nan,nan,nan,nan
1749908452,snake_tip,-0.027324038,-0.000542606,1.249833226,0.019031115,0.451984078,-0.23813498,0.859441698
1749908452,ST_C,0.156982288,0.042199951,1.681396365,-0.105563127,-0.003324971,-0.010554309,0.994351029
1749908452,ST_A,0.11566703,-0.139765352,1.672975063,0.085798845,-0.016254291,-0.454487383,0.88646239
1749908452,ST_B,0.187403321,-0.091210335,1.688461781,-0.068048611,0.048837874,-0.473534763,0.876783371
1749908452,ST_D,nan,nan,nan,nan,nan,nan,nan
1749908453,snake_tip,-0.040648934,0.006648352,1.258499026,0.016229356,0.484142989,-0.2261554,0.845101118
1749908453,ST_C,0.156804055,0.042257797,1.68140161,-0.106955461,-0.006002135,-0.009243067,0.994202673
1749908453,ST_A,0.115512967,-0.1397679,1.672862649,0.08748427,-0.01262073,-0.453631371,0.886795163
1749908453,ST_B,0.187143266,-0.090682805,1.688945413,-0.056766994,0.023018347,-0.468950242,0.881097794
1749908453,ST_D,nan,nan,nan,nan,nan,nan,nan
1749908453,snake_tip,-0.050772659,0.009232947,1.264791846,0.016113287,0.50456804,-0.225997031,0.833112717
1749908453,ST_C,0.156803757,0.042137221,1.681229234,-0.1089793,-0.007261342,-0.008501852,0.993981063
1749908453,ST_A,0.115466788,-0.13984853,1.672564864,0.092127487,-0.013034657,-0.457272947,0.884445667
1749908453,ST_B,0.187080592,-0.090729691,1.688860297,-0.075662792,0.029200936,-0.468660206,0.879647672
1749908453,ST_D,nan,nan,nan,nan,nan,nan,nan
1749908453,snake_tip,-0.056552999,0.005479511,1.268720746,0.007456333,0.516531885,-0.220167547,0.82744509
1749908453,ST_C,0.156844869,0.042078402,1.681046128,-0.115921497,-0.009228922,-0.006145589,0.993196487
1749908453,ST_A,0.11550203,-0.139918774,1.672763824,0.098901555,-0.02033334,-0.460897565,0.881690681
1749908453,ST_B,0.187235489,-0.090586007,1.689148307,-0.079663686,0.025662744,-0.468873739,0.879290938
1749908453,ST_D,nan,nan,nan,nan,nan,nan,nan
1749908453,snake_tip,-0.057184044,-0.000822667,1.267302871,0.008244982,0.517367363,-0.227753744,0.824858308
1749908453,ST_C,0.156891748,0.042145304,1.681288838,-0.107122205,-0.00553999,-0.009153478,0.994188309
1749908453,ST_A,0.11571952,-0.139833555,1.673222661,0.078221798,-0.001853895,-0.449782252,0.889704406
1749908453,ST_B,0.187217116,-0.090583362,1.688939571,-0.039860334,-0.010365768,-0.46751067,0.883027434
1749908453,ST_D,nan,nan,nan,nan,nan,nan,nan
1749908453,snake_tip,-0.050805576,-0.007877032,1.26283288,-0.001177579,0.506944001,-0.227041557,0.831539869
1749908453,ST_C,0.156857878,0.041983258,1.681000948,-0.119896099,-0.012577033,-0.005568834,0.992691219
1749908453,ST_A,0.115591154,-0.139909238,1.672749996,0.095162198,-0.012615818,-0.459577262,0.882934809
1749908453,ST_B,0.187222436,-0.090655588,1.689047575,-0.06521295,0.010960631,-0.468788266,0.880831838
1749908453,ST_D,nan,nan,nan,nan,nan,nan,nan
1749908453,snake_tip,-0.037524212,-0.011174475,1.256106138,-0.001740987,0.489255637,-0.233537912,0.840289235
1749908453,ST_C,0.156998664,0.041936204,1.681253791,-0.111958943,-0.008346818,-0.007232616,0.99365145
1749908453,ST_A,0.115795486,-0.140061349,1.673440576,0.077910602,-0.00258916,-0.45005694,0.889590859
1749908453,ST_B,0.187306717,-0.09080302,1.689223051,-0.053469509,1.75E-05,-0.467948645,0.882136643
1749908453,ST_D,nan,nan,nan,nan,nan,nan,nan
1749908453,snake_tip,-0.023926001,-0.00975282,1.24919343,0.005478206,0.469762504,-0.237445727,0.850242734
1749908453,ST_C,0.156976908,0.041960571,1.681208134,-0.10774076,-0.003978738,-0.009598944,0.994124711
1749908453,ST_A,0.115762249,-0.140015498,1.672970891,0.086008631,-0.011512602,-0.45401898,0.886756301
1749908453,ST_B,0.187322497,-0.09088897,1.689119458,-0.077019759,0.039731547,-0.468894154,0.878992319
1749908453,ST_D,nan,nan,nan,nan,nan,nan,nan
1749908453,snake_tip,-0.015650444,-0.004318021,1.24605298,0.012839731,0.45818156,-0.237322927,0.856494367
1749908453,ST_C,0.157174438,0.041998245,1.681290269,-0.104508623,-0.003804335,-0.006682608,0.994494259
1749908453,ST_A,0.115856655,-0.139977559,1.673378706,0.078087583,-0.0036545,-0.449424744,0.889891148
1749908453,ST_B,0.187444538,-0.090765327,1.689339638,-0.066437855,0.033365,-0.468542039,0.880307436
1749908453,ST_D,nan,nan,nan,nan,nan,nan,nan
1749908453,snake_tip,-0.015360365,-0.001381513,1.244470239,0.016722485,0.449703842,-0.234024018,0.861811817
1749908453,ST_C,0.157127723,0.042041022,1.681182146,-0.106361896,-0.001755965,-0.00988861,0.994276822
1749908453,ST_A,0.115829639,-0.139994159,1.672764421,0.097465813,-0.017848624,-0.462151855,0.88124764
1749908453,ST_B,0.187523082,-0.090822041,1.689095736,-0.078973837,0.041451581,-0.468469411,0.878965974
1749908453,ST_D,nan,nan,nan,nan,nan,nan,nan
1749908453,snake_tip,-0.018866722,-0.003148305,1.243860245,0.021425352,0.446531624,-0.245274857,0.860227108
1749908453,ST_C,0.157000333,0.041864585,1.68077898,-0.115386158,-0.00669297,-0.007572397,0.993269265
1749908453,ST_A,0.115534097,-0.140059426,1.672676682,0.09322761,-0.012776786,-0.458353788,0.8837744
1749908453,ST_B,0.187403619,-0.090948626,1.68855226,-0.021569103,-0.006257308,-0.468167126,0.883354485
1749908453,ST_D,nan,nan,nan,nan,nan,nan,nan
1749908454,snake_tip,-0.02041634,-0.007850698,1.243061423,0.006588466,0.440600634,-0.23867242,0.865368783
1749908454,ST_C,0.156923592,0.042103559,1.680894852,-0.116246291,-0.009903794,-0.004705076,0.99315989
1749908454,ST_A,0.115708537,-0.139971584,1.67321372,0.076717086,-0.002644763,-0.450327039,0.889557779
1749908454,ST_B,0.187344238,-0.090711899,1.688743949,-0.026569227,-0.005933679,-0.46678409,0.8839522
1749908454,ST_D,nan,nan,nan,nan,nan,nan,nan
1749908454,snake_tip,-0.016680541,-0.010103737,1.240906,0.011904474,0.431445718,-0.246552318,0.867712438
1749908454,ST_C,0.156824589,0.041955881,1.680930018,-0.116118811,-0.00927611,-0.006910841,0.993167937
1749908454,ST_A,0.115493611,-0.14000088,1.672913909,0.096492656,-0.019483259,-0.461664468,0.881575584
1749908454,ST_B,0.187353313,-0.090890326,1.688946724,-0.018377431,-0.009188092,-0.467786968,0.883602381
1749908454,ST_D,nan,nan,nan,nan,nan,nan,nan
1749908454,snake_tip,-0.009388012,-0.011254111,1.237573504,0.01150711,0.418592244,-0.244612485,0.874535799
1749908454,ST_C,0.157029659,0.042261641,1.681013465,-0.113685675,-0.008046215,-0.007228194,0.993457973
1749908454,ST_A,0.116044566,-0.139836907,1.673329234,0.083125815,-0.009545772,-0.450451434,0.888871491
1749908454,ST_B,0.187751234,-0.090481997,1.688925862,-0.019253338,-0.005075537,-0.466439307,0.88432914
1749908454,ST_D,nan,nan,nan,nan,nan,nan,nan
1749908454,snake_tip,-0.000748896,-0.009007012,1.232318401,0.022782207,0.389989704,-0.251325846,0.885564387
1749908454,ST_C,0.156845734,0.042091914,1.681078196,-0.112566292,-0.008092969,-0.007739942,0.993581176
1749908454,ST_A,0.115498766,-0.139891475,1.673497081,0.077879652,-0.004464698,-0.449993253,0.889618397
1749908454,ST_B,0.187363476,-0.090605818,1.689011097,-0.041246898,0.011681374,-0.467101246,0.883163989
1749908454,ST_D,nan,nan,nan,nan,nan,nan,nan
1749908454,snake_tip,0.009076568,-0.006762184,1.224884987,0.031567805,0.348094255,-0.254667312,0.901653171
1749908454,ST_C,0.156901777,0.042228788,1.680651903,-0.121949919,-0.012737702,-0.004181301,0.992445767
1749908454,ST_A,0.115876362,-0.139729172,1.672980666,0.082345694,-0.006403419,-0.450041592,0.889179826
1749908454,ST_B,0.18762213,-0.090387784,1.688423514,-0.027005272,0.002112017,-0.465491414,0.884637773
1749908454,ST_D,nan,nan,nan,nan,nan,nan,nan
1749908454,snake_tip,0.024705516,-0.006264145,1.216379523,0.039356716,0.291293383,-0.261201471,0.9194417
1749908454,ST_C,0.15672639,0.042116918,1.680655122,-0.120387085,-0.011221791,-0.005321323,0.992649257
1749908454,ST_A,0.115558736,-0.139839664,1.672869205,0.08457882,-0.009106723,-0.452568471,0.887662828
1749908454,ST_B,0.187462553,-0.090640977,1.688413143,-0.026293088,0.005057675,-0.467018396,0.883842111
1749908454,ST_D,nan,nan,nan,nan,nan,nan,nan
1749908454,snake_tip,0.046980139,-0.010067211,1.207472563,0.036923546,0.228241354,-0.262683839,0.936770856
1749908454,ST_C,0.156902492,0.042246643,1.680971503,-0.113662392,-0.01355028,-0.002112756,0.993424773
1749908454,ST_A,0.115660235,-0.139719531,1.672765493,0.120396174,-0.059457589,-0.478039771,0.868013561
1749908454,ST_B,0.189472392,-0.089936383,1.686304212,-0.023542438,0.062731624,-0.455349028,0.887788117
1749908454,ST_D,0.054865055,-0.049828365,1.725298285,-0.018283388,0.095075391,-0.17445077,0.979894459
1749908454,snake_tip,0.075031772,-0.017118659,1.200059414,0.041625321,0.160384074,-0.266655535,0.949441493
1749908454,ST_C,0.155929521,0.042288117,1.68355453,-0.08592128,-0.01154822,-0.001297218,0.996234238
1749908454,ST_A,0.115728714,-0.139800996,1.672831893,0.092495821,-0.027170273,-0.460489869,0.88241446
1749908454,ST_B,0.193283379,-0.088014178,1.683786035,0.014855942,0.092016555,-0.422008306,0.901787817
1749908454,ST_D,0.053692818,-0.053383704,1.722955823,0.30672285,0.190947935,-0.060608946,0.930476546
1749908454,snake_tip,0.102869384,-0.02582391,1.195321202,0.042944122,0.09829092,-0.268110424,0.957398295
1749908454,ST_C,0.152238309,0.042107422,1.687948942,-0.043258552,-0.018179607,0.022012128,0.998655915
1749908454,ST_A,0.115884423,-0.139850572,1.673054695,0.086405039,-0.021780893,-0.459505647,0.883693576
1749908454,ST_B,0.195147365,-0.086600028,1.687319517,0.124427065,0.064217016,-0.397607446,0.906808913
1749908454,ST_D,0.051476259,-0.057231061,1.714417934,-0.713193059,-0.08024691,-0.175634488,0.673846126
1749908454,snake_tip,0.125575393,-0.032586627,1.193543077,0.049284302,0.035322938,-0.271517724,0.960521519
1749908454,ST_C,0.150134429,0.042245086,1.688529372,-0.038393781,-0.015339199,0.038475558,0.998403847
1749908454,ST_A,0.115706384,-0.139827386,1.6747123,0.107697852,-0.075928137,-0.485954344,0.863993347
1749908454,ST_B,0.19409506,-0.087574333,1.694179296,0.139551371,0.040077273,-0.416486502,0.897473276
1749908454,ST_D,0.048403274,-0.054594588,1.704623461,-0.067682937,0.078565627,-0.028523766,0.994199634
1749908455,snake_tip,0.141528219,-0.036176521,1.193746686,0.051764339,-0.011176147,-0.27292189,0.960577488
1749908455,ST_C,0.149680987,0.042371158,1.688367128,-0.038603604,-0.016978242,0.040391088,0.998293579
1749908455,ST_A,0.115995377,-0.139931783,1.673129916,0.076217785,-0.009840639,-0.452182144,0.888608694
1749908455,ST_B,0.189594701,-0.092352621,1.697974563,0.097611576,0.044825215,-0.466024935,0.878227413
1749908455,ST_D,nan,nan,nan,nan,nan,nan,nan
1749908455,snake_tip,0.151385352,-0.03719845,1.196266651,0.048901893,-0.044017088,-0.274631977,0.959295809
1749908455,ST_C,0.149620876,0.043085702,1.686013103,-0.05565064,-0.009014751,0.047248546,0.997290909
1749908455,ST_A,0.11582046,-0.140026197,1.672344446,0.091308333,-0.007324194,-0.453358382,0.886608839
1749908455,ST_B,0.189456969,-0.093445025,1.703321815,0.109272279,0.047135044,-0.487392634,0.865035415
1749908455,ST_D,nan,nan,nan,nan,nan,nan,nan
1749908455,snake_tip,0.159667417,-0.036399756,1.198732734,0.053345378,-0.07778699,-0.269361705,0.958409011
1749908455,ST_C,0.150823593,0.043676078,1.683722854,-0.068462968,0.011453471,0.03660452,0.996916056
1749908455,ST_A,0.115556262,-0.139836505,1.671919942,0.094010562,-0.013267639,-0.460510164,0.882562399
1749908455,ST_B,0.190268919,-0.092301622,1.706684113,0.070906132,0.049468674,-0.447030395,0.890330851
1749908455,ST_D,nan,nan,nan,nan,nan,nan,nan
1749908455,snake_tip,0.167508379,-0.036604144,1.199171782,0.055155002,-0.102294356,-0.268425494,0.956264317
1749908455,ST_C,0.151280448,0.043754775,1.683339953,-0.072765566,0.009021272,0.037385225,0.996607304
1749908455,ST_A,0.116025962,-0.139782071,1.671537757,0.099474162,-0.019534267,-0.463353604,0.880356014
1749908455,ST_B,0.18864888,-0.094407178,1.708058,0.051842455,0.053606723,-0.466758728,0.881234884
1749908455,ST_D,nan,nan,nan,nan,nan,nan,nan
1749908455,snake_tip,0.172866598,-0.037922382,1.199845314,0.054955158,-0.106153987,-0.268672943,0.955785573
1749908455,ST_C,0.151430205,0.043766841,1.683568239,-0.071349852,0.010593318,0.036568448,0.996724546
1749908455,ST_A,0.11612808,-0.139805779,1.672127485,0.098387882,-0.019822126,-0.462685108,0.880823135
1749908455,ST_B,0.187565714,-0.095068723,1.708379149,-0.000580966,0.077675685,-0.463663667,0.882599592
1749908455,ST_D,nan,nan,nan,nan,nan,nan,nan
1749908455,snake_tip,0.172996819,-0.039589733,1.199610353,0.052358352,-0.107925169,-0.269383758,0.955532908
1749908455,ST_C,0.151558191,0.043563526,1.683977485,-0.064136609,0.010042105,0.03214886,0.997372627
1749908455,ST_A,0.11587248,-0.139825314,1.671986938,0.098154612,-0.019385304,-0.463249058,0.880562365
1749908455,ST_B,0.188484266,-0.094529651,1.708309531,0.10224431,0.027157096,-0.476480663,0.872797072
1749908455,ST_D,nan,nan,nan,nan,nan,nan,nan
1749908455,snake_tip,0.167820334,-0.040438123,1.198899746,0.0527272,-0.102118328,-0.267561793,0.956662178
1749908455,ST_C,0.15175283,0.043678641,1.68366003,-0.068896733,0.009170054,0.032731242,0.997044623
1749908455,ST_A,0.116032816,-0.139781803,1.671755791,0.097757086,-0.012381052,-0.458851963,0.883031845
1749908455,ST_B,0.187112153,-0.095313758,1.707012177,0.00792836,0.086720198,-0.466351122,0.880303025
1749908455,ST_D,nan,nan,nan,nan,nan,nan,nan
1749908455,snake_tip,0.161946669,-0.040874701,1.198502898,0.049838062,-0.10035447,-0.270632714,0.956139624
1749908455,ST_C,0.151733994,0.043452118,1.683594584,-0.066890165,0.01022031,0.031130558,0.997222304
1749908455,ST_A,0.115906402,-0.139779568,1.671497822,0.099292994,-0.017531173,-0.464108258,0.880021036
1749908455,ST_B,0.187411487,-0.095088243,1.706932425,-0.002204267,0.095989801,-0.461606562,0.88187331
1749908455,ST_D,nan,nan,nan,nan,nan,nan,nan
1749908455,snake_tip,0.159668803,-0.040643562,1.198791027,0.047852825,-0.099759333,-0.270666867,0.956293643
1749908455,ST_C,0.151544586,0.043820653,1.683646202,-0.068283066,0.012109996,0.033591762,0.997026742
1749908455,ST_A,0.115832999,-0.139673829,1.671960235,0.099679627,-0.015990576,-0.462303519,0.880956173
1749908455,ST_B,0.187361702,-0.094909042,1.707368851,0.005070183,0.086180814,-0.462979615,0.882154763
1749908455,ST_D,nan,nan,nan,nan,nan,nan,nan
1749908455,snake_tip,0.162518933,-0.039453387,1.1986233,0.052647114,-0.101132207,-0.268838018,0.956413507
1749908455,ST_C,0.151623309,0.043717965,1.683408499,-0.067821972,0.011663,0.03430263,0.997039318
1749908455,ST_A,0.115669817,-0.139615998,1.671559572,0.09871643,-0.013859464,-0.463895679,0.880263448
1749908455,ST_B,0.187331244,-0.094898894,1.707051158,-0.030467018,0.104913175,-0.451838672,0.885385156
1749908455,ST_D,nan,nan,nan,nan,nan,nan,nan
1749908456,snake_tip,0.166883394,-0.03853048,1.198982835,0.054780301,-0.101199642,-0.270590872,0.95579201
1749908456,ST_C,0.151680663,0.043660905,1.683595657,-0.068139829,0.011547176,0.033263791,0.997054219
1749908456,ST_A,0.116123371,-0.13986735,1.6719414,0.096942477,-0.013816902,-0.45634532,0.884398222
1749908456,ST_B,0.186948553,-0.095520668,1.707791328,0.00171007,0.07981436,-0.471674711,0.878151298
1749908456,ST_D,nan,nan,nan,nan,nan,nan,nan
1749908456,snake_tip,0.170121774,-0.037834514,1.199157238,0.054871127,-0.105566263,-0.270712435,0.955279887
1749908456,ST_C,0.151798546,0.043482199,1.683649063,-0.068875536,0.007649309,0.032411359,0.997069299
1749908456,ST_A,0.116101608,-0.13995865,1.671645403,0.099278815,-0.012729651,-0.457176715,0.883725703
1749908456,ST_B,0.186914951,-0.095908269,1.707203388,0.010050056,0.082388945,-0.474252284,0.876467824
1749908456,ST_D,nan,nan,nan,nan,nan,nan,nan
1749908456,snake_tip,0.169829875,-0.037303198,1.19920516,0.05592601,-0.105325334,-0.269185752,0.955676675
1749908456,ST_C,0.151682109,0.043561507,1.683566451,-0.068416588,0.012022207,0.033267021,0.997029543
1749908456,ST_A,0.116063327,-0.139986038,1.671741009,0.096991166,-0.011274256,-0.457345515,0.883912146
1749908456,ST_B,0.187047809,-0.095741093,1.707180738,0.028838214,0.076634578,-0.474015087,0.876701355
1749908456,ST_D,nan,nan,nan,nan,nan,nan,nan
1749908456,snake_tip,0.166748956,-0.038202714,1.198872209,0.050810162,-0.102601066,-0.269839436,0.956074238
1749908456,ST_C,0.151938275,0.043553077,1.6836797,-0.063635774,0.013192674,0.033117123,0.997336209
1749908456,ST_A,0.116234414,-0.139713258,1.671658516,0.101132743,-0.018977331,-0.462457836,0.880650222
1749908456,ST_B,0.187504411,-0.09553232,1.70727849,0.078436121,0.045311835,-0.484698296,0.869978249
1749908456,ST_D,nan,nan,nan,nan,nan,nan,nan
1749908456,snake_tip,0.163805634,-0.039094232,1.19876194,0.051573742,-0.101158969,-0.268458247,0.956575751
1749908456,ST_C,0.15169327,0.043577056,1.6834867,-0.066635154,0.013919186,0.032921258,0.99713707
1749908456,ST_A,0.115974225,-0.140014157,1.671614528,0.096700579,-0.00629524,-0.455151021,0.885125339
1749908456,ST_B,0.187223032,-0.095912755,1.707328677,0.056202553,0.05831112,-0.486009598,0.870192945
1749908456,ST_D,nan,nan,nan,nan,nan,nan,nan
1749908456,snake_tip,0.162930295,-0.040835325,1.198694348,0.046372779,-0.103148162,-0.27095297,0.955926001
1749908456,ST_C,0.151915222,0.043420624,1.68371141,-0.067064874,0.011375093,0.030156611,0.997227848
1749908456,ST_A,0.116049901,-0.14000842,1.671536446,0.096885689,-0.007356342,-0.455670267,0.88482976
1749908456,ST_B,0.187248319,-0.095963269,1.707342744,0.062975772,0.053837154,-0.486584991,0.869695663
1749908456,ST_D,nan,nan,nan,nan,nan,nan,nan
1749908456,snake_tip,0.164769366,-0.041291591,1.198928475,0.047780916,-0.104268104,-0.269016087,0.956282079
1749908456,ST_C,0.151808158,0.043515794,1.683748484,-0.065985709,0.012739346,0.030568399,0.997270882
1749908456,ST_A,0.115958318,-0.139987543,1.671829343,0.096835211,-0.008572802,-0.455999374,0.88465476
1749908456,ST_B,0.186490551,-0.096087016,1.707200289,-0.012232933,0.095548876,-0.472926378,0.875820398
1749908456,ST_D,nan,nan,nan,nan,nan,nan,nan
1749908456,snake_tip,0.167056233,-0.040675469,1.198734164,0.052034311,-0.102834597,-0.267015338,0.956775963
1749908456,ST_C,0.151906803,0.043413337,1.683727741,-0.063615233,0.014215428,0.029686671,0.997431576
1749908456,ST_A,0.116136402,-0.140005708,1.671681285,0.097712144,-0.011720031,-0.457765996,0.883609235
1749908456,ST_B,0.186674476,-0.096077181,1.707196355,-0.007157911,0.094919071,-0.473230183,0.875781
1749908456,ST_D,nan,nan,nan,nan,nan,nan,nan
1749908456,snake_tip,0.167915568,-0.039155826,1.198894739,0.053441461,-0.103751212,-0.268634528,0.956145942
1749908456,ST_C,0.151776075,0.043364469,1.683678508,-0.068342336,0.010089716,0.031244906,0.997121394
1749908456,ST_A,0.116021506,-0.140084803,1.67165792,0.097661451,-0.007553042,-0.454966605,0.885104895
1749908456,ST_B,0.187262669,-0.09594626,1.707427144,0.074158683,0.046222929,-0.487163305,0.868927956
1749908456,ST_D,nan,nan,nan,nan,nan,nan,nan
1749908456,snake_tip,0.166649118,-0.037221253,1.198560238,0.05692333,-0.100002475,-0.267996848,0.956523299
1749908456,ST_C,0.151795492,0.043398038,1.683679461,-0.066843338,0.009624969,0.032208547,0.997197032
1749908456,ST_A,0.116080329,-0.140129104,1.671805739,0.096664749,-0.006840174,-0.45321697,0.886117041
1749908456,ST_B,0.186663404,-0.096009947,1.706790566,0.014649574,0.080898121,-0.474694639,0.876302421
1749908456,ST_D,nan,nan,nan,nan,nan,nan,nan
1749908457,snake_tip,0.162969679,-0.035936046,1.197661638,0.056548443,-0.089672074,-0.26935783,0.957187355
1749908457,ST_C,0.15208061,0.043077543,1.684285402,-0.062828057,0.007538364,0.028100993,0.997600257
1749908457,ST_A,0.116206706,-0.139911637,1.671888471,0.100295335,-0.019675367,-0.462003589,0.880968988
1749908457,ST_B,0.186370507,-0.096022606,1.705431938,-0.031987898,0.110881455,-0.466857553,0.876770258
1749908457,ST_D,nan,nan,nan,nan,nan,nan,nan
1749908457,snake_tip,0.156274036,-0.035019439,1.19623065,0.05344592,-0.071120583,-0.272162437,0.958129942
1749908457,ST_C,0.155270472,0.041674819,1.685036421,-0.061113086,-0.00916553,0.003373605,0.998083115
1749908457,ST_A,0.116134815,-0.139882028,1.671889067,0.099095941,-0.017675878,-0.461477607,0.881422698
1749908457,ST_B,0.187667862,-0.095362924,1.70377481,0.073940739,0.048279706,-0.49575147,0.863963187
1749908457,ST_D,nan,nan,nan,nan,nan,nan,nan
1749908457,snake_tip,0.146364927,-0.034246065,1.194779515,0.052820966,-0.037551131,-0.274696976,0.959344268
1749908457,ST_C,0.154528037,0.041456159,1.68667531,-0.046158511,-0.0096003,0.006789663,0.998865008
1749908457,ST_A,0.116185084,-0.139867619,1.672013402,0.09908817,-0.020363772,-0.461731762,0.8812325
1749908457,ST_B,0.187607944,-0.095259465,1.701217771,0.047815382,0.065874122,-0.496007979,0.864494264
1749908457,ST_D,nan,nan,nan,nan,nan,nan,nan
1749908457,snake_tip,0.134472996,-0.032130759,1.193473339,0.052695274,-0.004426897,-0.273810625,0.960328758
1749908457,ST_C,0.154753938,0.040904995,1.688185215,-0.036521547,-0.011533943,0.003737539,0.999259293
1749908457,ST_A,0.11582996,-0.139945969,1.672724247,0.089608736,-0.020456359,-0.464216828,0.880939603
1749908457,ST_B,0.187324256,-0.095379852,1.698214054,0.040029552,0.074764498,-0.49574855,0.86431551
1749908457,ST_D,nan,nan,nan,nan,nan,nan,nan
1749908457,snake_tip,0.1209765,-0.029048398,1.193039775,0.05498391,0.024185473,-0.270976365,0.960709929
1749908457,ST_C,0.155045763,0.04083791,1.688644171,-0.028747426,-0.007979524,0.00278719,0.999550879
1749908457,ST_A,0.115815349,-0.139793262,1.673586845,0.08828596,-0.039863788,-0.472675562,0.875896215
1749908457,ST_B,0.18771854,-0.09513437,1.695717812,0.157360911,0.002916693,-0.50236553,0.850210488
1749908457,ST_D,nan,nan,nan,nan,nan,nan,nan
1749908457,snake_tip,0.108848497,-0.025239589,1.193073153,0.054044563,0.050521012,-0.270954341,0.95974499
1749908457,ST_C,0.15486522,0.040435281,1.689136982,-0.027076073,-0.011671015,0.001604259,0.999563873
1749908457,ST_A,0.114993401,-0.139474511,1.674365997,0.068274334,-0.033899184,-0.476853758,0.875671148
1749908457,ST_B,0.188400969,-0.095326014,1.692953587,0.317823261,-0.090854637,-0.500704229,0.800018132
1749908457,ST_D,0.047702819,-0.052824531,1.701194406,-0.004462645,0.057683252,-0.05525462,0.99679476
1749908457,snake_tip,0.099890612,-0.022083504,1.193786621,0.049990281,0.080383882,-0.268321246,0.958667397
1749908457,ST_C,0.155126408,0.04093596,1.688546181,-0.029868858,-0.009123758,0.00101978,0.9995116
1749908457,ST_A,0.115502954,-0.139380053,1.674590826,0.09171059,-0.07209605,-0.489223182,0.864321709
1749908457,ST_B,0.188656032,-0.095504314,1.688917518,0.274103284,-0.041122999,-0.517145514,0.80977577
1749908457,ST_D,0.049372319,-0.056333639,1.705580592,0.037079696,0.1042725,0.009359786,0.993813157
1749908457,snake_tip,0.094780244,-0.020266632,1.194878221,0.047821537,0.097342581,-0.268062264,0.957277477
1749908457,ST_C,0.154686123,0.041422065,1.687168241,-0.046170939,-0.012413991,0.004106714,0.998847961
1749908457,ST_A,0.115421914,-0.139678061,1.674076676,0.119344354,-0.099046946,-0.501373947,0.85121721
1749908457,ST_B,0.188317612,-0.095927685,1.685093522,0.171439722,0.057513405,-0.510512471,0.840641201
1749908457,ST_D,0.050384291,-0.055512253,1.711594105,0.095114887,0.140330657,-0.027658347,0.985137224
1749908457,snake_tip,0.090679698,-0.020446436,1.196282983,0.045745749,0.117877074,-0.268587798,0.954920411
1749908457,ST_C,0.15342474,0.042230833,1.685646176,-0.05375582,-0.005201676,0.016989674,0.998395979
1749908457,ST_A,0.115889765,-0.139879405,1.673354864,0.133748472,-0.096195258,-0.496955514,0.85199362
1749908457,ST_B,0.18951796,-0.096712902,1.683493853,0.154886007,0.06500259,-0.525472224,0.834064782
1749908457,ST_D,0.051472351,-0.055272244,1.711456418,-0.385540128,0.002488926,-0.156094,0.909388423
1749908457,snake_tip,0.086175621,-0.022009019,1.197422504,0.041178815,0.13226831,-0.268187463,0.953354597
1749908457,ST_C,0.153739855,0.042352326,1.685176134,-0.061607357,-0.005186704,0.012233864,0.998011947
1749908457,ST_A,0.115920722,-0.140028298,1.673114657,0.132336184,-0.085267656,-0.492099583,0.856186092
1749908457,ST_B,0.188423216,-0.096839964,1.682829261,-0.022612339,0.157070175,-0.498276889,0.852371812
1749908457,ST_D,0.052699279,-0.054740384,1.717610478,0.056828897,0.150178835,-0.082261309,0.983590305
1749908458,snake_tip,0.079811715,-0.023524392,1.198997021,0.036209345,0.145401388,-0.267765671,0.951760948
1749908458,ST_C,0.153699175,0.04250678,1.684970021,-0.063354351,-0.003875456,0.013554448,0.997891605
1749908458,ST_A,0.115893088,-0.140014216,1.673253179,0.134376749,-0.08711084,-0.493304729,0.854988337
1749908458,ST_B,0.188647792,-0.096651606,1.683260798,0.042665325,0.105005451,-0.515442967,0.849395156
1749908458,ST_D,0.052302733,-0.054744259,1.715825438,-0.071608737,0.083457433,-0.106659539,0.988195777
1749908458,snake_tip,0.072527058,-0.02356369,1.200234175,0.032454893,0.158969641,-0.266998202,0.949940681
1749908458,ST_C,0.153557763,0.042732306,1.684402823,-0.064155839,0.002865639,0.015871519,0.997809589
1749908458,ST_A,0.115882292,-0.139922455,1.673003078,0.136261672,-0.087742701,-0.494983256,0.853654206
1749908458,ST_B,0.189959422,-0.096165545,1.683876753,0.199792564,-0.012981001,-0.537047982,0.819447279
1749908458,ST_D,0.053861342,-0.054653503,1.721571922,0.223265529,0.187917292,-0.057138003,0.954764307
1749908458,snake_tip,0.065650903,-0.021652555,1.201298714,0.026466168,0.16798836,-0.267064244,0.948554695
1749908458,ST_C,0.154328927,0.042617206,1.683986187,-0.06953577,0.003253675,0.007562106,0.997545421
1749908458,ST_A,0.115679525,-0.140010834,1.673049808,0.13540858,-0.087475747,-0.495451123,0.853545964
1749908458,ST_B,0.189808726,-0.095656164,1.684555173,0.21423538,-0.032301277,-0.526187778,0.822305381
1749908458,ST_D,0.053494617,-0.054326054,1.719766021,-0.058299929,0.097527854,-0.114189245,0.986939907
1749908458,snake_tip,0.060314838,-0.018862216,1.203162432,0.027687263,0.182855219,-0.263923347,0.946647704
1749908458,ST_C,0.154319108,0.042921048,1.683466434,-0.075729065,0.000845434,0.01316537,0.997041166
1749908458,ST_A,0.115823507,-0.139945105,1.672850251,0.119179286,-0.062073439,-0.48310113,0.865191638
1749908458,ST_B,0.189976647,-0.095432855,1.684782743,0.271537066,-0.079268388,-0.518046081,0.807225108
1749908458,ST_D,0.054504506,-0.052997809,1.72371006,0.204087004,0.165133834,-0.083325177,0.961319983
1749908458,snake_tip,0.055903785,-0.015339932,1.205248713,0.032439131,0.201083243,-0.264663547,0.942585051
1749908458,ST_C,0.156105742,0.042421728,1.682474017,-0.08822751,-0.007552078,-0.000910961,0.996071339
1749908458,ST_A,0.115776874,-0.139991775,1.672967911,0.136545762,-0.087822311,-0.495489717,0.85330677
1749908458,ST_B,0.189244896,-0.095162861,1.684883714,0.015849326,0.098993324,-0.50508678,0.857226014
1749908458,ST_D,0.055027764,-0.05297922,1.725877523,0.166977167,0.162588209,-0.095784657,0.96773392
1749908458,snake_tip,0.050368339,-0.012897644,1.207507968,0.034299478,0.226074561,-0.260238439,0.938077688
1749908458,ST_C,0.156156063,0.042514842,1.68255794,-0.088339448,-0.008031179,-0.000134323,0.996058106
1749908458,ST_A,0.11578951,-0.140036166,1.673184872,0.133795232,-0.083041318,-0.491861403,0.856314957
1749908458,ST_B,0.189487442,-0.094979674,1.685367465,0.037393831,0.079166345,-0.506031454,0.858059824
1749908458,ST_D,0.055515282,-0.052631222,1.727432489,0.139310881,0.147218823,-0.110954396,0.972938001
1749908458,snake_tip,0.043005306,-0.011807941,1.210326314,0.035409018,0.24657701,-0.259029001,0.933193386
1749908458,ST_C,0.156079158,0.042401724,1.682574987,-0.087086976,-0.006390028,-0.001831537,0.996178508
1749908458,ST_A,0.115762636,-0.140049234,1.673117638,0.135664791,-0.088650517,-0.495167494,0.853548646
1749908458,ST_B,0.188749716,-0.094989263,1.68533051,-0.016447965,0.10522797,-0.49420172,0.862798452
1749908458,ST_D,0.056427296,-0.05233451,1.73192215,0.25734821,0.186408013,-0.10437423,0.942406476
1749908458,snake_tip,0.03317697,-0.012219726,1.213618279,0.028720018,0.269061208,-0.256545752,0.927882314
1749908458,ST_C,0.15618822,0.042431541,1.68254137,-0.089072995,-0.008124211,-0.001073574,0.995991409
1749908458,ST_A,0.115894593,-0.14000079,1.672824144,0.116039366,-0.054864597,-0.479986131,0.867835283
1749908458,ST_B,0.188527197,-0.094491787,1.686086893,-0.010063342,0.086965144,-0.489888728,0.867378116
1749908458,ST_D,0.056547195,-0.052053478,1.732627034,0.135202244,0.151702985,-0.12834391,0.970687568
1749908458,snake_tip,0.022980636,-0.012924768,1.217302322,0.027978536,0.293189943,-0.257496744,0.920300066
1749908458,ST_C,0.156085819,0.042326543,1.682585955,-0.088403776,-0.006689284,-0.001453004,0.996061146
1749908458,ST_A,0.115594558,-0.140065953,1.672657371,0.102105722,-0.029333742,-0.46786043,0.877394199
1749908458,ST_B,0.188251197,-0.094341993,1.68647325,-0.006502425,0.073318787,-0.486011237,0.870847344
1749908458,ST_D,0.057180263,-0.05174356,1.736079812,0.138910055,0.161557108,-0.13166818,0.968125403
1749908458,snake_tip,0.013035839,-0.012989739,1.222168326,0.023127515,0.322544098,-0.25556317,0.911108136
1749908458,ST_C,0.156091586,0.042339809,1.682648301,-0.086485997,-0.005995168,-0.001768435,0.996233523
1749908458,ST_A,0.115674868,-0.140176594,1.673187613,0.086519554,-0.016761295,-0.45731625,0.884926736
1749908458,ST_B,0.187517896,-0.093147531,1.68706274,-0.015638603,0.050900865,-0.482506067,0.874272525
1749908458,ST_D,0.056916773,-0.050548524,1.739601374,0.335179746,0.176830813,-0.091956794,0.920830786
1749908459,snake_tip,0.003194724,-0.011579137,1.227927685,0.022386333,0.355357736,-0.253200561,0.89950496
1749908459,ST_C,0.156127751,0.04238933,1.6827631,-0.085729159,-0.006289253,-0.001348758,0.996297777
1749908459,ST_A,0.115799129,-0.140054792,1.673295975,0.101304807,-0.043523237,-0.469843358,0.875836909
1749908459,ST_B,0.187369779,-0.092687443,1.687318325,-0.015120415,0.032899637,-0.482205808,0.875309408
1749908459,ST_D,nan,nan,nan,nan,nan,nan,nan
1749908459,snake_tip,-0.007586448,-0.008202655,1.234862328,0.019340824,0.388358712,-0.249139801,0.88697964
1749908459,ST_C,0.156064525,0.042333953,1.682857752,-0.091675542,-0.01258151,-0.00010391,0.995709419
1749908459,ST_A,0.115765072,-0.140072584,1.67288053,0.096931994,-0.025889171,-0.461432815,0.881483793
1749908459,ST_B,0.187360018,-0.091899149,1.687837005,-0.063327603,0.06088591,-0.477370322,0.874299765
1749908459,ST_D,nan,nan,nan,nan,nan,nan,nan
1749908459,snake_tip,-0.0202203,-0.003975472,1.24260962,0.018960709,0.422919959,-0.245751351,0.872000813
1749908459,ST_C,0.156123474,0.042456105,1.682999492,-0.087388873,-0.011394084,-0.000780595,0.996108711
1749908459,ST_A,0.115939915,-0.140053734,1.672965765,0.088130392,-0.018282585,-0.454530507,0.886171997
1749908459,ST_B,0.187401801,-0.091323517,1.688348889,-0.07562349,0.052325889,-0.473896921,0.875765264
1749908459,ST_D,nan,nan,nan,nan,nan,nan,nan
1749908459,snake_tip,-0.032115899,-0.000509714,1.250778317,0.01790571,0.454530805,-0.239946216,0.85761708
1749908459,ST_C,0.156064063,0.042368185,1.683111668,-0.087147839,-0.009619157,-0.00164051,0.996147633
1749908459,ST_A,0.115740731,-0.139943436,1.672508597,0.097272232,-0.01977469,-0.460553706,0.882064283
1749908459,ST_B,0.187224865,-0.091201097,1.688553095,-0.010431335,-0.009632865,-0.470861822,0.882092714
1749908459,ST_D,nan,nan,nan,nan,nan,nan,nan
1749908459,snake_tip,-0.041648418,0.00160818,1.256539941,0.011459232,0.475022733,-0.235081628,0.847914338
1749908459,ST_C,0.155998662,0.042420059,1.682880163,-0.090452641,-0.010787396,-3.55E-05,0.995842278
1749908459,ST_A,0.115620509,-0.13996847,1.672586322,0.097907022,-0.01790368,-0.462348282,0.881094635
1749908459,ST_B,0.187203139,-0.090997666,1.688897252,-0.072448112,0.027760735,-0.47058636,0.87893635
1749908459,ST_D,nan,nan,nan,nan,nan,nan,nan
1749908459,snake_tip,-0.044417128,0.000863493,1.257338047,0.007486266,0.477299422,-0.232233599,0.847464919
1749908459,ST_C,0.156000108,0.042376034,1.682909846,-0.088011906,-0.010682883,-0.000897496,0.996061742
1749908459,ST_A,0.115568399,-0.139937952,1.67232585,0.097524539,-0.013868765,-0.460324913,0.882268429
1749908459,ST_B,0.187203214,-0.090883546,1.688801408,-0.064182445,0.021203125,-0.46906513,0.880573094
1749908459,ST_D,nan,nan,nan,nan,nan,nan,nan
1749908459,snake_tip,-0.039037317,-0.002001067,1.254845381,0.011404496,0.47116974,-0.237838179,0.84929496
1749908459,ST_C,0.155987874,0.04246467,1.68300879,-0.092507221,-0.01284096,9.87E-05,0.995629191
1749908459,ST_A,0.115649752,-0.139946237,1.672986031,0.08622653,-0.010583435,-0.454913288,0.886288226
1749908459,ST_B,0.187202021,-0.09081804,1.689136744,-0.078038931,0.03172233,-0.468647778,0.879359365
1749908459,ST_D,nan,nan,nan,nan,nan,nan,nan
1749908459,snake_tip,-0.030719995,-0.005233367,1.251324534,0.011453734,0.466032356,-0.239721268,0.851596355
1749908459,ST_C,0.15603818,0.042425565,1.683048248,-0.085705914,-0.006879455,0.000391974,0.996296704
1749908459,ST_A,0.115733311,-0.139979556,1.673146725,0.079396486,-0.003559679,-0.449276656,0.889850557
1749908459,ST_B,0.18733865,-0.090835959,1.689087272,-0.063608773,0.030819729,-0.468416721,0.880675793
1749908459,ST_D,nan,nan,nan,nan,nan,nan,nan
1749908459,snake_tip,-0.025675809,-0.006749849,1.249338508,0.009447789,0.460504293,-0.23996073,0.854555666
1749908459,ST_C,0.15603295,0.042412922,1.682976842,-0.093407214,-0.013523417,0.003301522,0.995530665
1749908459,ST_A,0.115727745,-0.139973268,1.67311132,0.091376871,-0.013990699,-0.457235247,0.884528399
1749908459,ST_B,0.187444538,-0.090792827,1.689363122,-0.05576352,0.026034426,-0.46892339,0.881092191
1749908459,ST_D,nan,nan,nan,nan,nan,nan,nan
1749908459,snake_tip,-0.026803574,-0.005785435,1.250063419,0.010699604,0.463962078,-0.240126967,0.852621675
1749908459,ST_C,0.155988365,0.042392295,1.682943106,-0.095661789,-0.013499486,0.00034004,0.995322287
1749908459,ST_A,0.115648694,-0.139993191,1.672774673,0.092099786,-0.013467079,-0.457275569,0.884440601
1749908459,ST_B,0.187349215,-0.090924256,1.688961983,-0.063724644,0.034659266,-0.468960553,0.880235136
1749908459,ST_D,nan,nan,nan,nan,nan,nan,nan
1749908460,snake_tip,-0.03442999,-0.002710424,1.254540801,0.014049677,0.478534132,-0.238449752,0.844955266
1749908460,ST_C,0.156050742,0.042478066,1.683118939,-0.089063384,-0.011039543,0.000336016,0.995964646
1749908460,ST_A,0.115760863,-0.139862999,1.673242331,0.083374061,-0.008321604,-0.453481019,0.887318671
1749908460,ST_B,0.18732211,-0.090789244,1.689447999,-0.067287996,0.028848929,-0.46960023,0.879838467
1749908460,ST_D,nan,nan,nan,nan,nan,nan,nan
1749908460,snake_tip,-0.042487141,0.000579198,1.257023454,0.010502245,0.487188727,-0.232177362,0.841802001
1749908460,ST_C,0.15595223,0.042362165,1.682824492,-0.088640936,-0.010166768,-0.00062253,0.996011615
1749908460,ST_A,0.115417607,-0.139998019,1.672541261,0.087495327,-0.006575425,-0.453480154,0.886936843
1749908460,ST_B,0.187197194,-0.090695396,1.688981175,-0.088731982,0.026524123,-0.467971593,0.878877521
1749908460,ST_D,nan,nan,nan,nan,nan,nan,nan
1749908460,snake_tip,-0.037905019,0.001181379,1.253814936,0.007809415,0.476851344,-0.232837781,0.847548425
1749908460,ST_C,0.155945078,0.04243803,1.682785034,-0.087851293,-0.006296054,-0.00247145,0.996110618
1749908460,ST_A,0.115526438,-0.139846787,1.672596335,0.087355025,0.000699936,-0.455195487,0.886095703
1749908460,ST_B,0.187236354,-0.090591021,1.688892126,-0.045361824,-0.010907938,-0.466705948,0.883181155
1749908460,ST_D,nan,nan,nan,nan,nan,nan,nan
1749908460,snake_tip,-0.021873865,-0.001687243,1.24616611,0.016086707,0.45184195,-0.239714175,0.859137475
1749908460,ST_C,0.155993596,0.042438082,1.682865977,-0.091596149,-0.012355797,0.00019925,0.995719612
1749908460,ST_A,0.115660124,-0.139924377,1.672798753,0.086209752,-0.002099213,-0.454182416,0.886725366
1749908460,ST_B,0.187425584,-0.090755016,1.688592672,-0.035916109,0.003529703,-0.466496497,0.8837865
1749908460,ST_D,nan,nan,nan,nan,nan,nan,nan
1749908460,snake_tip,-0.0045538,-0.006021421,1.239227414,0.020929322,0.426708281,-0.244923264,0.870341659
1749908460,ST_C,0.156159163,0.042346798,1.683015227,-0.087138839,-0.008781559,0.000584639,0.996157348
1749908460,ST_A,0.115831025,-0.139974758,1.673454523,0.079318501,-0.003661775,-0.449813664,0.889585674
1749908460,ST_B,0.187614113,-0.090704732,1.689471245,-0.05928579,0.030415377,-0.466074258,0.882232845
1749908460,ST_D,nan,nan,nan,nan,nan,nan,nan
1749908460,snake_tip,0.003292009,-0.009431629,1.235292077,0.019714102,0.411922336,-0.246679634,0.876972377
1749908460,ST_C,0.156200513,0.042366229,1.682914972,-0.09149766,-0.009790128,-0.001791539,0.995755553
1749908460,ST_A,0.115993664,-0.139953762,1.673294425,0.079606012,-0.00568286,-0.450881451,0.889008701
1749908460,ST_B,0.187844515,-0.090695091,1.688995004,-0.012888689,-0.006253933,-0.465191156,0.885094345
1749908460,ST_D,nan,nan,nan,nan,nan,nan,nan
1749908460,snake_tip,-0.002079858,-0.01011281,1.235699534,0.017678726,0.413925618,-0.246949315,0.875996053
1749908460,ST_C,0.156149253,0.042414241,1.68287158,-0.090692885,-0.009691563,-0.001765939,0.995830238
1749908460,ST_A,0.11593467,-0.14007163,1.673372746,0.078121543,-0.002759153,-0.449153781,0.890028238
1749908460,ST_B,0.18782264,-0.090765774,1.68900311,-0.009276736,-0.010983821,-0.464877695,0.885258138
1749908460,ST_D,nan,nan,nan,nan,nan,nan,nan
1749908460,snake_tip,-0.012508368,-0.008581287,1.237842917,0.015339776,0.417007059,-0.245561793,0.874968112
1749908460,ST_C,0.156123519,0.042300098,1.68269372,-0.089778885,-0.008076089,-0.001606204,0.995927632
1749908460,ST_A,0.115648262,-0.140014499,1.672670364,0.095607579,-0.014174706,-0.461469471,0.881875396
1749908460,ST_B,0.18768689,-0.090818621,1.688629031,-0.02252298,-0.007093836,-0.466219425,0.884353936
1749908460,ST_D,nan,nan,nan,nan,nan,nan,nan
1749908460,snake_tip,-0.016918093,-0.006128297,1.237135768,0.019042168,0.403278381,-0.248183519,0.880573034
1749908460,ST_C,0.156064585,0.042346135,1.682557225,-0.090214886,-0.009034748,-0.001586752,0.995880127
1749908460,ST_A,0.115699977,-0.140092641,1.672682285,0.08770024,-0.007921063,-0.454547346,0.886359215
1749908460,ST_B,0.187519863,-0.090737626,1.688368678,-0.02251192,-0.010344277,-0.464811146,0.885063112
1749908460,ST_D,nan,nan,nan,nan,nan,nan,nan
1749908460,snake_tip,-0.009396205,-0.006583857,1.231634021,0.022236504,0.374380231,-0.236627221,0.896299362
1749908460,ST_C,0.156146511,0.04241823,1.682529211,-0.088683531,-0.007013605,-0.001084139,0.996034563
1749908460,ST_A,0.115614712,-0.140062183,1.672652364,0.096455187,-0.014681026,-0.460826397,0.882111073
1749908460,ST_B,0.187701881,-0.090655379,1.688436866,-0.025536025,-0.010097061,-0.464663774,0.885061383
1749908460,ST_D,nan,nan,nan,nan,nan,nan,nan
1749908461,snake_tip,0.012899628,-0.01010392,1.220589995,0.034932461,0.321942091,-0.250056773,0.912471712
1749908461,ST_C,0.156058446,0.042313304,1.682328582,-0.08973413,-0.004534504,-0.00192972,0.99595356
1749908461,ST_A,0.115507565,-0.140058085,1.672396421,0.093488544,-0.012247794,-0.459055394,0.883390129
1749908461,ST_B,0.18760787,-0.090837628,1.687920094,-0.021768223,0.000924811,-0.464909971,0.885089815
1749908461,ST_D,nan,nan,nan,nan,nan,nan,nan
1749908461,snake_tip,0.044421516,-0.016363118,1.209997177,0.028595159,0.255673647,-0.253541321,0.932486057
1749908461,ST_C,0.156156212,0.042511448,1.682489991,-0.091230839,-0.007360214,-0.000676087,0.995802343
1749908461,ST_A,0.116016537,-0.139917716,1.673081279,0.106060758,-0.041120473,-0.468070894,0.876338899
1749908461,ST_B,0.18929778,-0.090507098,1.686692953,-0.023667814,0.051661413,-0.460818857,0.885673165
1749908461,ST_D,0.056110669,-0.052694593,1.732998729,0.462383479,0.184699491,-0.059989359,0.865152538
1749908461,snake_tip,0.074487552,-0.020591833,1.20265305,0.035441961,0.190937817,-0.265204847,0.944432616
1749908461,ST_C,0.156184807,0.042320065,1.682678699,-0.087886274,-0.008456003,-0.001672153,0.996093214
1749908461,ST_A,0.115849316,-0.140128672,1.673075557,0.105494946,-0.040098365,-0.468155921,0.876409173
1749908461,ST_B,0.193093061,-0.088632576,1.684367418,0.010252839,0.085197113,-0.427054346,0.900144935
1749908461,ST_D,0.054794438,-0.053567085,1.727102518,0.320739418,0.179782078,-0.062947556,0.927815914
1749908461,snake_tip,0.093975797,-0.023473589,1.198172331,0.038165137,0.137204066,-0.272435278,0.951576233
1749908461,ST_C,0.156254336,0.042155739,1.683915496,-0.077852227,-0.011997569,-0.003573209,0.996886313
1749908461,ST_A,0.116159789,-0.139992669,1.673090339,0.137981206,-0.082554586,-0.489935726,0.85680151
1749908461,ST_B,0.198026255,-0.084461331,1.68015039,0.026523553,0.147830129,-0.371376544,0.916254401
1749908461,ST_D,0.053778842,-0.055100236,1.721238136,0.155869007,0.161434308,-0.07043229,0.971948087
1749908461,snake_tip,0.102138415,-0.023827588,1.195581794,0.045889821,0.098844737,-0.276914328,0.954694867
1749908461,ST_C,0.153207198,0.041847605,1.686709166,-0.049117804,-0.010838392,0.018597817,0.998561084
1749908461,ST_A,0.116016477,-0.140185654,1.673968315,0.107309043,-0.045050975,-0.476254314,0.8715716
1749908461,ST_B,0.198656052,-0.076276839,1.690387249,0.087730423,0.045593783,-0.274361461,0.956530392
1749908461,ST_D,0.051543839,-0.056550667,1.713827848,-0.722220719,-0.078373075,-0.189708412,0.660504103
1749908461,snake_tip,0.105259776,-0.023735113,1.193760395,0.052038178,0.063528955,-0.275000453,0.957930505
1749908461,ST_C,0.151160523,0.04198762,1.688079119,-0.03344309,-0.012719793,0.03147395,0.998863935
1749908461,ST_A,0.115646683,-0.139878199,1.674820542,0.08203055,-0.028730197,-0.473498762,0.8764956
1749908461,ST_B,0.199784905,-0.072197743,1.692435265,0.114471257,0.054249439,-0.227373302,0.965533376
1749908461,ST_D,0.04911676,-0.05826107,1.704285145,-0.325548977,-0.016614687,-0.104614526,0.93957305
1749908461,snake_tip,0.115852252,-0.026096208,1.194090486,0.052225322,0.018181879,-0.272499591,0.960565388
1749908461,ST_C,0.150928706,0.042421874,1.686561108,-0.048625793,-0.014628016,0.036347132,0.998048306
1749908461,ST_A,0.115763009,-0.140243202,1.673132062,0.095946923,-0.007633873,-0.456706375,0.884395421
1749908461,ST_B,0.19925788,-0.072978631,1.697130919,0.109771229,0.047432914,-0.228778049,0.966106176
1749908461,ST_D,nan,nan,nan,nan,nan,nan,nan
1749908461,snake_tip,0.137109131,-0.031439338,1.195402145,0.056438044,-0.027837826,-0.267464548,0.961510479
1749908461,ST_C,0.152591452,0.042999733,1.684569001,-0.061272319,0.00155804,0.026232122,0.997775018
1749908461,ST_A,0.115993701,-0.140120089,1.673063993,0.098428182,-0.006106771,-0.456044078,0.884476364
1749908461,ST_B,0.197605714,-0.079314843,1.702903271,0.086914763,0.036738433,-0.293744504,0.951215208
1749908461,ST_D,nan,nan,nan,nan,nan,nan,nan
1749908461,snake_tip,0.164194882,-0.038999777,1.198958397,0.052447714,-0.080110967,-0.266171217,0.959158123
1749908461,ST_C,0.156700477,0.042258926,1.682850003,-0.078333639,-0.007836144,-0.004972579,0.996883929
1749908461,ST_A,0.115865692,-0.139938861,1.672048807,0.089275919,-0.010964123,-0.457398057,0.884701431
1749908461,ST_B,0.192631274,-0.089306891,1.708710194,-0.003569994,0.068886556,-0.405666471,0.911414623
1749908461,ST_D,nan,nan,nan,nan,nan,nan,nan
1749908461,snake_tip,0.19112432,-0.046130121,1.202890038,0.051000904,-0.14314346,-0.267566442,0.951481462
1749908461,ST_C,0.156683385,0.042457148,1.682312965,-0.085041218,-0.006203953,-0.004767617,0.996346772
1749908461,ST_A,0.115975715,-0.13991572,1.671808362,0.094716847,-0.010220104,-0.455698818,0.885021389
1749908461,ST_B,0.188428536,-0.094889857,1.711703539,0.040498082,0.051055871,-0.476232886,0.876901031
1749908461,ST_D,nan,nan,nan,nan,nan,nan,nan
1749908462,snake_tip,0.20416145,-0.0492176,1.205352664,0.050045196,-0.158779919,-0.268038094,0.948915243
1749908462,ST_C,0.156718656,0.042407107,1.682420254,-0.087484665,-0.003904674,-0.00439153,0.996148586
1749908462,ST_A,0.11637339,-0.139911219,1.672501206,0.095349066,-0.020918008,-0.459936917,0.882569551
1749908462,ST_B,0.192017019,-0.090759031,1.712698817,0.043175392,0.057044953,-0.423396766,0.903115094
1749908462,ST_D,nan,nan,nan,nan,nan,nan,nan
1749908462,snake_tip,0.19872494,-0.047658809,1.204395413,0.047628444,-0.152898103,-0.270788521,0.949224591
1749908462,ST_C,0.156647354,0.042355597,1.682657838,-0.084589079,-0.007619024,-0.003978615,0.996378839
1749908462,ST_A,0.116009936,-0.139924034,1.672317147,0.093315788,-0.014436151,-0.456851184,0.884517312
1749908462,ST_B,0.192733288,-0.089553908,1.711706042,0.064892374,0.056297287,-0.407309681,0.909240544
1749908462,ST_D,nan,nan,nan,nan,nan,nan,nan
1749908462,snake_tip,0.17998144,-0.041934542,1.201818466,0.051453017,-0.132170185,-0.268938243,0.952657223
1749908462,ST_C,0.156460091,0.042544689,1.682147384,-0.083328031,-0.00275974,-0.00429369,0.996509016
1749908462,ST_A,0.116088353,-0.139740184,1.67159903,0.085559219,-0.004345924,-0.451614648,0.888090611
1749908462,ST_B,0.190388799,-0.091692343,1.709990621,-0.008285559,0.095160715,-0.417158723,0.903799891
1749908462,ST_D,nan,nan,nan,nan,nan,nan,nan
1749908462,snake_tip,0.160836101,-0.036542103,1.200167537,0.051729772,-0.111855894,-0.267733306,0.955578923
1749908462,ST_C,0.156325564,0.042507552,1.681994557,-0.083162449,-0.004033411,-0.002543696,0.996524632
1749908462,ST_A,0.11576134,-0.139890522,1.67120266,0.089870483,-0.004867438,-0.450670093,0.88814193
1749908462,ST_B,0.186899617,-0.095859282,1.709847689,-0.008361159,0.093697011,-0.469621748,0.87784189
1749908462,ST_D,nan,nan,nan,nan,nan,nan,nan
1749908462,snake_tip,0.154862657,-0.0347852,1.199852586,0.053735185,-0.107040964,-0.269036829,0.955653608
1749908462,ST_C,0.156318411,0.042529136,1.681909084,-0.083207458,-0.003493599,-0.003485222,0.996520042
1749908462,ST_A,0.115780316,-0.139706358,1.671049953,0.096645355,-0.013167189,-0.4599379,0.882577717
1749908462,ST_B,0.188670322,-0.094439223,1.710391402,0.043744661,0.054012232,-0.470230401,0.879802525
1749908462,ST_D,nan,nan,nan,nan,nan,nan,nan
1749908462,snake_tip,0.16476424,-0.037191495,1.200120926,0.055325661,-0.116462693,-0.26711303,0.955000639
1749908462,ST_C,0.156343043,0.042561911,1.682021856,-0.082223468,-0.002130992,-0.004764992,0.99660033
1749908462,ST_A,0.115881369,-0.139732614,1.671473622,0.089723021,-0.011535836,-0.457038075,0.884834945
1749908462,ST_B,0.188161984,-0.094399668,1.709845304,-0.023695547,0.09537743,-0.452329308,0.886419713
1749908462,ST_D,nan,nan,nan,nan,nan,nan,nan
1749908462,snake_tip,0.181039348,-0.042525809,1.201369643,0.05000129,-0.129754722,-0.268302917,0.95324558
1749908462,ST_C,0.156488627,0.042526226,1.682465672,-0.083810963,-0.007077002,-0.003555433,0.996450186
1749908462,ST_A,0.115835473,-0.139891431,1.671836734,0.095724545,-0.007015085,-0.455739737,0.8849231
1749908462,ST_B,0.186369032,-0.096313588,1.709498286,0.00884712,0.086118758,-0.481354237,0.872240365
1749908462,ST_D,nan,nan,nan,nan,nan,nan,nan
1749908462,snake_tip,0.191570804,-0.046011832,1.202738047,0.051155597,-0.135707274,-0.267768085,0.952505589
1749908462,ST_C,0.156623051,0.042315666,1.682683349,-0.08324033,-0.008049866,-0.004132088,0.996488452
1749908462,ST_A,0.115982682,-0.140049756,1.672214866,0.094799235,-0.009900191,-0.456104577,0.884807169
1749908462,ST_B,0.186980128,-0.095913038,1.70983541,0.014112193,0.0859304,-0.474724472,0.875815868
1749908462,ST_D,nan,nan,nan,nan,nan,nan,nan
1749908462,snake_tip,0.188572407,-0.045808114,1.202059627,0.048009429,-0.13450101,-0.268523604,0.952627778
1749908462,ST_C,0.156408414,0.042333592,1.683060646,-0.080380611,-0.009616742,-0.003097304,0.996713042
1749908462,ST_A,0.11594265,-0.140029818,1.672121406,0.096931309,-0.009930664,-0.455484271,0.884895384
1749908462,ST_B,0.186925858,-0.096048325,1.709806561,0.01314561,0.085131966,-0.479096144,0.873525321
1749908462,ST_D,nan,nan,nan,nan,nan,nan,nan
1749908462,snake_tip,0.17526646,-0.042168871,1.200631022,0.049345974,-0.120136231,-0.268791825,0.95440203
1749908462,ST_C,0.156310827,0.04222773,1.682326078,-0.087374724,-0.007849236,-0.001555872,0.996143401
1749908462,ST_A,0.115818277,-0.140090257,1.671446443,0.09711612,-0.009065445,-0.457289904,0.883952618
1749908462,ST_B,0.187024385,-0.096391603,1.70963943,0.06140146,0.051711597,-0.492644876,0.866519928
1749908462,ST_D,nan,nan,nan,nan,nan,nan,nan
1749908463,snake_tip,0.161371499,-0.037844852,1.199733377,0.051437866,-0.104458824,-0.268226504,0.956293464
1749908463,ST_C,0.156113282,0.0425639,1.681789994,-0.084426306,-0.000987102,0.001299513,0.99642843
1749908463,ST_A,0.115932725,-0.140030965,1.671249986,0.092740037,-0.003301003,-0.453540832,0.886391044
1749908463,ST_B,0.18723616,-0.096179113,1.709295154,0.064017907,0.04908099,-0.491091818,0.867364764
1749908463,ST_D,nan,nan,nan,nan,nan,nan,nan
1749908463,snake_tip,0.157789573,-0.035893098,1.199424982,0.053149473,-0.105948314,-0.268703222,0.95590204
1749908463,ST_C,0.156122684,0.042526137,1.681717515,-0.082123801,0.001661829,-0.0005077,0.996620536
1749908463,ST_A,0.115889542,-0.139987022,1.671102405,0.091027483,-0.002371367,-0.452409357,0.887149394
1749908463,ST_B,0.186750665,-0.096286364,1.708836913,0.01369,0.078257695,-0.481234133,0.872984529
1749908463,ST_D,nan,nan,nan,nan,nan,nan,nan
1749908463,snake_tip,0.166377082,-0.037186217,1.199875712,0.055079613,-0.114695437,-0.267089128,0.955235422
1749908463,ST_C,0.156152219,0.042550977,1.68184185,-0.08194451,-0.001137125,0.000607247,0.996636033
1749908463,ST_A,0.115917385,-0.140047669,1.671330452,0.092155159,-0.003847267,-0.453700125,0.886368394
1749908463,ST_B,0.187201276,-0.096219905,1.709308147,0.041048173,0.067144953,-0.489383727,0.868510246
1749908463,ST_D,nan,nan,nan,nan,nan,nan,nan
1749908463,snake_tip,0.179532379,-0.040837862,1.201031804,0.052109089,-0.126491368,-0.26822266,0.95359385
1749908463,ST_C,0.156523138,0.042511322,1.682253122,-0.085801415,-0.006826261,-0.002292669,0.996286154
1749908463,ST_A,0.116116211,-0.139973491,1.671823144,0.096107379,-0.008402995,-0.454783708,0.885361195
1749908463,ST_B,0.187218755,-0.09613993,1.709770799,0.072852544,0.046108183,-0.490684152,0.867061436
1749908463,ST_D,nan,nan,nan,nan,nan,nan,nan
1749908463,snake_tip,0.187688932,-0.043823611,1.202102661,0.05218143,-0.132063568,-0.268198043,0.952841103
1749908463,ST_C,0.156586543,0.04241915,1.682613373,-0.084494635,-0.008742441,-0.002931155,0.996381283
1749908463,ST_A,0.116059408,-0.139967233,1.67206502,0.09393549,-0.006846367,-0.455286324,0.885349452
1749908463,ST_B,0.186729506,-0.096195929,1.709887266,-0.00541968,0.093407869,-0.481233418,0.871584773
1749908463,ST_D,nan,nan,nan,nan,nan,nan,nan
1749908463,snake_tip,0.184955642,-0.044262733,1.201637745,0.050237954,-0.128345564,-0.268785059,0.953288078
1749908463,ST_C,0.156551436,0.042364355,1.682709217,-0.082581796,-0.009747868,-0.00315692,0.996531665
1749908463,ST_A,0.116020225,-0.140010223,1.671949983,0.095583782,-0.00876783,-0.456089705,0.884742379
1749908463,ST_B,0.1866083,-0.096279465,1.70952189,0.014528478,0.077523671,-0.482162893,0.872523904
1749908463,ST_D,nan,nan,nan,nan,nan,nan,nan
1749908463,snake_tip,0.171683013,-0.04155397,1.198862672,0.049596939,-0.105580926,-0.268832445,0.956097245
1749908463,ST_C,0.155639172,0.042260185,1.683800101,-0.071355239,-0.007837282,0.00139758,0.997419119
1749908463,ST_A,0.115949854,-0.140047356,1.671988845,0.096297629,-0.009229304,-0.45675689,0.884315968
1749908463,ST_B,0.18715708,-0.095889106,1.707688808,0.061634623,0.052236523,-0.48834163,0.868904471
1749908463,ST_D,nan,nan,nan,nan,nan,nan,nan
1749908463,snake_tip,0.153122798,-0.036752172,1.196163177,0.050223559,-0.071648672,-0.272169024,0.95826304
1749908463,ST_C,0.154571608,0.041874439,1.685485125,-0.059115358,-0.010695808,0.007208628,0.998167753
1749908463,ST_A,0.115968443,-0.139859959,1.671817422,0.099834211,-0.018023238,-0.463256627,0.880398512
1749908463,ST_B,0.186486229,-0.095737033,1.703704834,-0.029322155,0.105659761,-0.473657697,0.873856187
1749908463,ST_D,nan,nan,nan,nan,nan,nan,nan
1749908463,snake_tip,0.134346753,-0.03094539,1.193822384,0.052602116,-0.016420666,-0.271541864,0.960847735
1749908463,ST_C,0.153106868,0.041827563,1.686731935,-0.044466298,-0.007400526,0.019451173,0.998794079
1749908463,ST_A,0.115995899,-0.139831394,1.672231674,0.095208742,-0.018648954,-0.462103635,0.881503046
1749908463,ST_B,0.18742308,-0.095284902,1.699612617,0.054532982,0.063147232,-0.497308403,0.863552511
1749908463,ST_D,0.045506705,-0.057378765,1.692447424,0.200794816,0.088320583,0.053130526,0.974196136
1749908463,snake_tip,0.117503509,-0.025582958,1.193450809,0.054626014,0.031716071,-0.271495372,0.960364699
1749908463,ST_C,0.153608307,0.041278023,1.688066959,-0.035334587,-0.00825204,0.011633147,0.999273837
1749908463,ST_A,0.115369037,-0.139872923,1.673708439,0.068194307,-0.014155836,-0.458846897,0.885781467
1749908463,ST_B,0.187294796,-0.095129564,1.695175052,0.103449337,0.039444454,-0.502100348,0.857693195
1749908463,ST_D,nan,nan,nan,nan,nan,nan,nan
1749908464,snake_tip,0.104199149,-0.02173169,1.19345808,0.054623455,0.070017606,-0.268945873,0.959052622
1749908464,ST_C,0.15522936,0.040850293,1.688927054,-0.028846204,-0.009958049,0.001118579,0.999533653
1749908464,ST_A,0.114854261,-0.138978139,1.674945235,0.061906572,-0.035172842,-0.480548561,0.874073029
1749908464,ST_B,0.189018294,-0.095453113,1.689232469,0.268745244,-0.029545696,-0.516163886,0.812697887
1749908464,ST_D,0.049514268,-0.051303402,1.706762075,0.074145138,0.129124284,-0.04412204,0.987867713
1749908464,snake_tip,0.092341714,-0.019882366,1.195577383,0.045857348,0.107669495,-0.268345118,0.956187904
1749908464,ST_C,0.155414864,0.041338056,1.687069654,-0.044583574,-0.009504409,0.001257298,0.998959661
1749908464,ST_A,0.115920648,-0.139806286,1.673608661,0.119672336,-0.083483621,-0.489329457,0.859805584
1749908464,ST_B,0.189161599,-0.095877975,1.686589122,0.334608853,-0.109380506,-0.516977131,0.780261159
1749908464,ST_D,0.05066454,-0.057394177,1.710714698,0.03054619,0.095904008,-0.017234374,0.994772494
1749908464,snake_tip,0.081493378,-0.019882325,1.198490858,0.041522466,0.142820314,-0.266659945,0.952245116
1749908464,ST_C,0.153635785,0.042655781,1.684709907,-0.068219073,-0.004903755,0.016054336,0.997529209
1749908464,ST_A,0.115933277,-0.139899939,1.673062086,0.134687006,-0.0885159,-0.494671822,0.8540048
1749908464,ST_B,0.190758958,-0.095509045,1.683311343,0.14553231,0.041047771,-0.527953506,0.835703611
1749908464,ST_D,0.053492911,-0.054632869,1.719389439,0.22010988,0.187970877,-0.059437186,0.955345929
1749908464,snake_tip,0.069751017,-0.020484716,1.200977325,0.030481128,0.164204836,-0.265989542,0.949398279
1749908464,ST_C,0.154230267,0.042865727,1.683874607,-0.069404773,0.004256191,0.010864462,0.997520268
1749908464,ST_A,0.115818456,-0.139935657,1.673118472,0.13517949,-0.088662535,-0.493911535,0.854351759
1749908464,ST_B,0.191079661,-0.094904333,1.683943152,0.078008428,0.079341002,-0.519762635,0.847033918
1749908464,ST_D,0.053268358,-0.053670425,1.717769504,-0.117359824,0.065430909,-0.135602757,0.981609583
1749908464,snake_tip,0.057728752,-0.020689141,1.203975916,0.025122182,0.190619722,-0.264717072,0.944964409
1749908464,ST_C,0.153907657,0.043047339,1.683278084,-0.076392174,0.005876992,0.015649552,0.996937752
1749908464,ST_A,0.115750507,-0.139955625,1.672706485,0.095455833,-0.019750938,-0.462241024,0.881380379
1749908464,ST_B,0.190942794,-0.094413191,1.684461832,0.081797816,0.065446638,-0.509796202,0.85389322
1749908464,ST_D,0.055616539,-0.052377433,1.727359414,0.346590281,0.208776131,-0.078829221,0.911083758
1749908464,snake_tip,0.046208948,-0.019113332,1.207405567,0.023538858,0.223382488,-0.263548762,0.93813014
1749908464,ST_C,0.155042827,0.042693701,1.68270123,-0.082261711,0.000719523,0.00956894,0.996564567
1749908464,ST_A,0.115539722,-0.14000541,1.672671199,0.098912023,-0.027636837,-0.466958553,0.878295124
1749908464,ST_B,0.189684406,-0.093985572,1.685263991,-0.020511681,0.111392103,-0.483261734,0.868118227
1749908464,ST_D,0.054760601,-0.053894021,1.726104975,0.011145541,0.115153074,-0.108701274,0.98731935
1749908464,snake_tip,0.037362687,-0.016068034,1.210610867,0.024844468,0.246150181,-0.260720193,0.93317616
1749908464,ST_C,0.156058356,0.042564869,1.682369828,-0.087268136,-0.003403754,-0.001581998,0.996177793
1749908464,ST_A,0.115721337,-0.139929786,1.673293948,0.131134719,-0.079693049,-0.491098166,0.857481956
1749908464,ST_B,0.189493939,-0.093566671,1.685752153,-0.027026055,0.102082506,-0.477228105,0.872411668
1749908464,ST_D,0.056308992,-0.051382214,1.731366277,0.217994019,0.177610591,-0.122496866,0.951802313
1749908464,snake_tip,0.031309195,-0.012518818,1.213322043,0.028396122,0.26553157,-0.258689135,0.928313851
1749908464,ST_C,0.156043544,0.042441398,1.682425737,-0.08965718,-0.007509936,-0.000853378,0.995943964
1749908464,ST_A,0.115617082,-0.139900267,1.672641993,0.089863457,-0.018865902,-0.460675269,0.882806301
1749908464,ST_B,0.189057752,-0.093286723,1.686068773,-0.028408809,0.093804523,-0.474141598,0.874976218
1749908464,ST_D,0.056436688,-0.051400181,1.732915163,0.189044878,0.17095381,-0.123654425,0.959034085
1749908464,snake_tip,0.027767612,-0.009694555,1.215672016,0.033638928,0.281312048,-0.25688535,0.923981607
1749908464,ST_C,0.156069636,0.04262438,1.682472467,-0.093604133,-0.009433116,0.00120147,0.995564103
1749908464,ST_A,0.11589928,-0.139873683,1.673257709,0.123556539,-0.072644614,-0.484686822,0.862864554
1749908464,ST_B,0.189145997,-0.092931487,1.686607957,-0.024569517,0.085193619,-0.47241503,0.876905084
1749908464,ST_D,0.056512695,-0.051513139,1.733480334,0.152118161,0.148493916,-0.126587644,0.968909264
1749908464,snake_tip,0.025245346,-0.008146469,1.217570901,0.037648957,0.294812649,-0.257971108,0.919303536
1749908464,ST_C,0.155975148,0.042485628,1.682568789,-0.090575859,-0.007488938,-0.001408529,0.995860398
1749908464,ST_A,0.11564368,-0.139966279,1.673034072,0.093183227,-0.027930737,-0.46193108,0.881564796
1749908464,ST_B,0.188986406,-0.093031138,1.686535954,-0.016632516,0.080067128,-0.472635269,0.877455711
1749908464,ST_D,0.05720561,-0.051307619,1.73823452,0.332802564,0.205238491,-0.084048055,0.916545451
1749908465,snake_tip,0.021028055,-0.008692676,1.220397234,0.038202599,0.310350597,-0.256802738,0.914480984
1749908465,ST_C,0.156053528,0.04265561,1.682703495,-0.09051311,-0.008419816,-0.000839867,0.995859325
1749908465,ST_A,0.115712374,-0.139843553,1.673524141,0.097669497,-0.037190124,-0.46504426,0.879096866
1749908465,ST_B,0.188855439,-0.092696756,1.687067747,-0.034876116,0.085833192,-0.470164686,0.877702355
1749908465,ST_D,0.056700189,-0.050873686,1.738024592,0.261913419,0.170783222,-0.08577387,0.945979536
1749908465,snake_tip,0.013989854,-0.009669654,1.223062277,0.029263712,0.330826581,-0.256095856,0.907806337
1749908465,ST_C,0.156124279,0.042630672,1.682593346,-0.090629727,-0.007918506,-0.000980881,0.995852709
1749908465,ST_A,0.115734294,-0.139806658,1.673066735,0.087712377,-0.018808734,-0.458957583,0.883917809
1749908465,ST_B,0.188754812,-0.091667622,1.686669946,-0.006585385,0.044935569,-0.468783587,0.882144749
1749908465,ST_D,0.056520004,-0.05100178,1.739620209,0.232913911,0.152476579,-0.101667106,0.955073714
1749908465,snake_tip,0.00521556,-0.010766765,1.226475596,0.023945199,0.345544517,-0.254496276,0.902915895
1749908465,ST_C,0.156050712,0.042588435,1.682654381,-0.091825113,-0.009106633,-0.000244988,0.995733559
1749908465,ST_A,0.115746781,-0.139915675,1.673506021,0.110411309,-0.06171776,-0.478250295,0.869066715
1749908465,ST_B,0.188578933,-0.091644898,1.687020779,-0.012523754,0.036878157,-0.469496757,0.882074773
1749908465,ST_D,nan,nan,nan,nan,nan,nan,nan
1749908465,snake_tip,-0.003240864,-0.010662471,1.230393887,0.020009175,0.364745736,-0.251934528,0.896152437
1749908465,ST_C,0.156107679,0.042424239,1.682595253,-0.091396175,-0.008638654,-0.000963984,0.995776713
1749908465,ST_A,0.115692712,-0.139934376,1.673150301,0.079599939,-0.011555672,-0.455213785,0.886741638
1749908465,ST_B,0.189003333,-0.09027949,1.687163353,-0.027635295,0.030748466,-0.460484475,0.886704564
1749908465,ST_D,nan,nan,nan,nan,nan,nan,nan
1749908465,snake_tip,-0.005242829,-0.010466596,1.231482744,0.017373988,0.369726926,-0.250089943,0.894681573
1749908465,ST_C,0.156143099,0.042537332,1.682658076,-0.091198124,-0.009046678,-0.001095011,0.995791078
1749908465,ST_A,0.115706749,-0.139964372,1.673187971,0.080791876,-0.012057703,-0.453849614,0.887326181
1749908465,ST_B,0.189253047,-0.090003513,1.687081099,-0.021104213,0.023618029,-0.458048999,0.888362467
1749908465,ST_D,nan,nan,nan,nan,nan,nan,nan
