case,time,act1,act2,x,y,z,del_x,del_y,del_z,qx,qy,qz,qw,act1_norm,act2_norm
../raw_mocap_data\Case1.csv,1749907678,0.0,0.0,0.09005236400000001,-0.11646946033333334,1.209292809,0.0,0.0,0.0,-0.19247362560549053,0.020467390632771858,-0.2676074398875469,0.9438862471102097,0.0,0.0
../raw_mocap_data\Case1.csv,1749907679,0.028859331092116365,-0.0025015000486751852,0.07672903240000001,-0.19734369959999998,1.2490588784,-0.013323331600000002,-0.08087423926666663,0.03976606940000016,-0.40628619970257235,-0.0031987205723990886,-0.24752769490893914,0.879574517804494,0.32009656179404955,-0.027745673049480734
../raw_mocap_data\Case1.csv,1749907680,0.028395498377003378,0.0028906622517573845,0.0796678133,-0.18635414089999996,1.2441794991000001,-0.010384550700000009,-0.06988468056666662,0.03488669010000023,-0.4017723383419998,-0.004485090156730747,-0.250765929682676,0.8807243159013329,0.31495190834101705,0.032062110003240864
../raw_mocap_data\Case1.csv,1749907681,-0.030199387946652067,0.001687672889858327,0.12339788889999999,-0.040779799799999995,1.1972233652999997,0.03334552489999998,0.07568966053333334,-0.012069443700000182,0.008396559438884725,-0.004818220468060568,-0.2702504591824933,0.9627413836813924,-0.3349599552100738,0.01871901631234454
../raw_mocap_data\Case1.csv,1749907682,-0.04348098913034752,0.0023749630339227985,0.1288690261,-0.014008795199999998,1.1968012809,0.038816662099999996,0.10246066513333335,-0.012491528099999982,0.09306684013041053,-0.0004900512976485328,-0.26859218865666534,0.9587473907711502,-0.48227434931195473,0.02634217332065346
../raw_mocap_data\Case1.csv,1749907683,-0.038045433163868686,0.0015675100366957409,0.1313881419,-0.0246982703,1.1956893682999998,0.041335777899999995,0.09177119003333334,-0.01360344070000008,0.06836158942879804,-0.00890932361128689,-0.26893438425603805,0.9606880940286413,-0.4219852604638662,0.017386216323670708
../raw_mocap_data\Case1.csv,1749907684,-0.012139375715704379,0.000776488447752923,0.1024803779,-0.0926052753,1.2033665895999999,0.012428013899999993,0.023864185033333346,-0.0059262194000000434,-0.13294880089385577,0.009105689973352227,-0.26849160649355086,0.9540198949673467,-0.13464527006950086,0.008612510165435091
../raw_mocap_data\Case1.csv,1749907685,0.02303361823847717,-0.005102264251979792,0.08424418799999998,-0.1672315224,1.231613195,-0.005808176000000026,-0.050762062066666655,0.02232038600000008,-0.33548083191100414,0.002348834738604309,-0.25780091749156286,0.9060826570110365,0.2554800033403188,-0.056592345789662914
../raw_mocap_data\Case1.csv,1749907686,0.03109528804375718,0.0006247427375154681,0.0771321908,-0.20335896759999997,1.2526271818,-0.01292017320000001,-0.08688950726666662,0.04333437280000019,-0.4275662900946128,-0.006467324355741218,-0.24787625005893194,0.8693115701215122,0.34489693330145593,0.006929405315951091
../raw_mocap_data\Case1.csv,1749907687,0.0277996676978583,0.002373375871408189,0.0796314172,-0.1890245512,1.245545137,-0.010420946800000011,-0.07255509086666666,0.036252328,-0.40747246312806973,-0.0037090592991229467,-0.25163100340509786,0.8778577748113888,0.3083431844174797,0.026324569126629928
../raw_mocap_data\Case1.csv,1749907688,-0.020873984631152927,0.0012773329756125577,0.11963177979999999,-0.05726626789999999,1.1992149113,0.02957941579999998,0.05920319243333336,-0.010077897700000005,-0.04337257926736704,-0.005506037218183748,-0.2709132333295593,0.961610380002614,-0.23152618090996405,0.014167684360204562
../raw_mocap_data\Case1.csv,1749907689,-0.036326455777117836,0.0011813187757008918,0.12931303830000002,-0.0326246051,1.1946675657,0.039260674300000006,0.08384485523333335,-0.014625243299999813,0.04663114222094794,-0.013089699005945211,-0.26928959559376914,0.9618405845357368,-0.4029190267544169,0.013102731912865043
../raw_mocap_data\Case1.csv,1749907690,0.01035571248057191,0.00048075661944676335,0.0975064159,-0.1235863873,1.2171378135,0.007454051899999994,-0.007116926966666659,0.00784500450000003,-0.22079461818779375,0.0019025583791821025,-0.26539069760985146,0.9385168589178762,0.11486156589624918,0.0053323668678751076
../raw_mocap_data\Case1.csv,1749907691,0.03466010481897001,-0.003736011324882445,0.07633254090000001,-0.2186449439,1.2608989118999998,-0.0137198231,-0.10217548356666666,0.051606102899999895,-0.45256026016815437,-0.009866325350173823,-0.2439698919797538,0.8576541018079517,0.38443650507909466,-0.041438395647541114
../raw_mocap_data\Case1.csv,1749907692,0.033496087459384476,-0.0037248404686511787,0.07556280130000001,-0.20626153939999997,1.2551288723999998,-0.0144895627,-0.08979207906666663,0.045836063399999905,-0.44230200050343577,-0.004617143365749299,-0.24599717980634966,0.8624575409057081,0.37152567379604734,-0.04131449282177878
../raw_mocap_data\Case1.csv,1749907693,0.013903969049346012,0.00011988433225270843,0.10231794629999999,-0.10329476050000001,1.2105418206,0.01226558229999998,0.013174699833333331,0.0012490116000001272,-0.18357953346093364,0.0014609529783980609,-0.26805178953915587,0.9457508438460508,0.1542174582557228,0.0013297107422406754
../raw_mocap_data\Case1.csv,1749907694,-0.025520438263349748,0.0007307875066754903,0.1322746648,-0.035693177,1.1944876434,0.04222230079999999,0.08077628333333334,-0.014805165599999892,0.030661001729665287,-0.014916067641388833,-0.269483642258448,0.9624011536018501,-0.2830628512317503,0.008105612965948895
../raw_mocap_data\Case1.csv,1749907695,-0.01749925777926166,0.0018935838661997381,0.12081510879999999,-0.0535205084,1.1960145473,0.030762744799999978,0.06294895193333334,-0.013278261700000016,-0.018403410852064588,-0.0034511113887376143,-0.26978639135177873,0.9627381301997847,-0.19409501319382994,0.02100290138757925
../raw_mocap_data\Case1.csv,1749907696,0.021923128726671966,-0.0042829555698382015,0.08768375739999999,-0.1546134077,1.2258691429,-0.002368606600000017,-0.03814394736666667,0.016576333900000018,-0.3007794038411073,0.004847741260267902,-0.2629801932218985,0.9167058784597351,0.24316288228499736,-0.04750489011148266
../raw_mocap_data\Case1.csv,1749907697,0.03117309723189034,-0.0035570409322153466,0.0787836,-0.20314836649999995,1.2527949929,-0.011268764000000014,-0.08667890616666661,0.04350218390000005,-0.43132464391441605,-0.008034364552566368,-0.24898343344003998,0.8671226847515568,0.34575996278463805,-0.03945332512831072
../raw_mocap_data\Case1.csv,1749907698,0.031325692884848544,-0.0036875978557170926,0.0778368375,-0.20148531549999998,1.252304926375,-0.012215526500000004,-0.08501585516666664,0.04301211737499999,-0.43246553268704474,-0.005945122257126492,-0.24919897418551057,0.8665091400694788,0.3474524948707328,-0.040901412133443484
../raw_mocap_data\Case2.csv,1749907752,0.0,0.0,0.13170669624999998,-0.0353865505,1.194970399125,0.0,0.0,0.0,0.04372403397216149,-0.010968054404584001,-0.2654461326744855,0.9630712649040769,0.0,0.0
../raw_mocap_data\Case2.csv,1749907753,-0.0025887222454746197,-0.000362909072805547,0.129557827,-0.03611416700000001,1.1961631654,-0.0021488692499999906,-0.000727616500000007,0.001192766274999979,0.042087279826128234,-0.013267030473167657,-0.2701179161622534,0.961815449110391,-0.028713107991701202,-0.004025247365509992
../raw_mocap_data\Case2.csv,1749907754,-0.006574588625013221,0.0002560465981026371,0.12806547740000002,-0.032955563199999996,1.1951081514,-0.003641218849999961,0.0024309873000000065,0.00013775227499990272,0.05023997684269506,-0.010096899632591657,-0.2649402756630257,0.9629022004732645,-0.07292279947028629,0.0028399700412358566
../raw_mocap_data\Case2.csv,1749907755,-0.04690756815796053,-0.006142359804370449,0.14180030433333332,0.08111295033333334,1.2362968125,0.010093608083333344,0.11649950083333334,0.04132641337499998,0.3768833498703991,0.05253892318691708,-0.24595794519203526,0.8914613235232011,-0.5202806413480909,-0.06812868421673339
../raw_mocap_data\Case2.csv,1749907756,-0.037965222868390595,-0.0070529574712137905,0.1546507091,0.15373564960000002,1.2818427443,0.02294401285000003,0.18912220010000003,0.08687234517499998,0.5327836877626362,0.07198258995823913,-0.22361159207693038,0.8129931762848753,-0.4210955988247565,-0.07822868207891052
../raw_mocap_data\Case2.csv,1749907757,-0.0423604696057708,-0.007361972220215228,0.1498704731,0.136244005,1.2713272929,0.018163776850000035,0.1716305555,0.07635689377499988,0.5161020264090947,0.07130722619168343,-0.2259647255365333,0.8231001887027322,-0.4698459792262013,-0.08165615440608556
../raw_mocap_data\Case2.csv,1749907758,-0.047654904273363954,-0.0022458281196999753,0.1363355621,0.028995852600000004,1.2180436968,0.004628865850000025,0.06438240310000001,0.023073297674999882,0.24817364096680436,0.0261939958955919,-0.2586241480518047,0.9331866204317224,-0.5285698050948733,-0.024909858693597287
../raw_mocap_data\Case2.csv,1749907759,-0.049900261277448774,-0.00031652888296720364,0.11932656380000002,-0.06332901190000001,1.1966139197,-0.012380132449999956,-0.027942461400000007,0.001643520575000057,-0.030413947241485332,-0.0015619043025729567,-0.26897914185139776,0.962664413758516,-0.5534744383559012,-0.003510816200933742
../raw_mocap_data\Case2.csv,1749907760,-0.06346217761761855,0.01398933056710224,0.1274464249,-0.02806848,1.2000948191999998,-0.004260271349999983,0.007318070500000003,0.0051244200749998026,0.08586407979583369,0.00972164367056823,-0.26744253434245674,0.9596912734153838,-0.7038979799816726,0.15516425526415223
../raw_mocap_data\Case2.csv,1749907761,-0.06694507794958285,-0.007481417045427475,0.1500170334,0.1321192376,1.2675114512,0.018310337150000022,0.1675057881,0.07254105207500006,0.4891395969445168,0.06657777464024868,-0.23250786341789473,0.8380035489625051,-0.7425289661876445,-0.0829809903058676
../raw_mocap_data\Case2.csv,1749907762,-0.06153313355324406,-0.00784261689643364,0.15829882160000003,0.15412848750000002,1.2854243636000002,0.02659212535000005,0.18951503800000002,0.0904539644750002,0.5557995503239845,0.06723946452713764,-0.22163802262669094,0.7983998379232617,-0.6825017677623195,-0.08698727964287792
../raw_mocap_data\Case2.csv,1749907763,-0.06182124119356339,-0.007827688403743944,0.1541090129,0.1395848177,1.2758606792,0.02240231665000003,0.1749713682,0.08089028007499999,0.5385571721465306,0.06750185114727816,-0.22370933364666626,0.8095392556637308,-0.6856973465093962,-0.08682169856383327
../raw_mocap_data\Case2.csv,1749907764,-0.06957898083043451,-0.00311014365571888,0.13588888640000002,0.05819610670000001,1.2272056697,0.0041821901500000425,0.0935826572,0.032235270574999975,0.3335954565814351,0.04540166068873653,-0.2515153083086157,0.9074099460780395,-0.7717432003488228,-0.0344965130239331
../raw_mocap_data\Case2.csv,1749907765,-0.0626913429039941,0.0067849418717902295,0.12155347309999998,-0.0536461179,1.1972468614,-0.010153223150000001,-0.018259567399999996,0.002276462275000002,0.006581454657535948,-0.0015182783415601223,-0.26919379786266234,0.9630623440243858,-0.6953481788530493,0.07525595649463358
../raw_mocap_data\Case2.csv,1749907766,-0.041623699827894524,-0.001785521444753014,0.1074981451,-0.0937389679,1.2016294002999999,-0.02420855114999998,-0.058352417399999995,0.006659001174999846,-0.11668375056814105,0.005726822535890854,-0.26707101122502785,0.9565694856204829,-0.4616740132170381,-0.019804314717159672
../raw_mocap_data\Case2.csv,1749907767,-0.0531518614584915,-0.0019502222923704587,0.126612077,-0.026118179600000003,1.2002959489000002,-0.005094619249999988,0.0092683709,0.005325549775000216,0.07577885381911106,0.008356304008040022,-0.2676254158605805,0.9605021469432737,-0.5895399325615175,-0.021631112950238316
../raw_mocap_data\Case2.csv,1749907768,-0.02997201557564883,-0.007062452514724301,0.1461563929,0.12345672049999998,1.2636329410999998,0.01444969665000001,0.15884327099999998,0.06866254197499977,0.4806282011788532,0.07101253580432289,-0.23516829576561382,0.8418132956047418,-0.3324380286285884,-0.07833399743677859
../raw_mocap_data\Case2.csv,1749907769,-0.030044566272644055,-0.007480238556179368,0.1546402574,0.13877138790000002,1.2754892945000003,0.02293356115000003,0.17415793840000002,0.08051889537500023,0.5359828430638666,0.0665101716454264,-0.2244188558375826,0.8111319042877186,-0.3332427329576599,-0.08296791895798271
../raw_mocap_data\Case2.csv,1749907770,-0.02888850697995815,-0.006236463671848072,0.1479577467,0.10745017190000002,1.2555253027,0.016251050450000026,0.1428367224,0.06055490357499993,0.47023064271465354,0.05997286493070848,-0.23305084731895312,0.8491017022053865,-0.3204201694811313,-0.06917244799403519
../raw_mocap_data\Case2.csv,1749907771,0.010618513140027729,-0.0013629172906955466,0.1183126941,-0.04966784689999999,1.1995884538,-0.013394002149999973,-0.01428129639999999,0.004618054674999872,0.01257639104036551,0.008054394260027188,-0.2682997323864339,0.9632197125904721,0.11777644937918605,-0.01511695255059055
../raw_mocap_data\Case2.csv,1749907772,0.030098370393439544,-0.0034314367271108806,0.0952950522,-0.1200633109,1.2094217778,-0.03641164404999998,-0.0846767604,0.014451378675000015,-0.19215911188824414,0.00978937129140513,-0.26384309870112416,0.9451803336907878,0.3338395074990384,-0.03806017176406669
../raw_mocap_data\Case2.csv,1749907773,0.01892123485490675,-0.004132193881201934,0.12133090270000002,-0.08543615279999998,1.2029563905,-0.010375793549999957,-0.05004960229999998,0.007985991375000001,-0.08439594503549891,-0.004134310463710416,-0.269595779700326,0.9592592702217311,0.20986703408409554,-0.04583269964980154
../raw_mocap_data\Case2.csv,1749907774,-0.014307719008275191,-0.005610264983836856,0.141812405,0.0472996132,1.2283136487,0.010105708750000025,0.08268616370000001,0.0333432495749999,0.304280885770195,0.04178083833798144,-0.25472919925797444,0.9169408591332769,-0.15869569696698052,-0.06222689383713058
../raw_mocap_data\Case2.csv,1749907775,-0.02314170820470694,-0.008765223603222877,0.14134902659999998,0.1517787636,1.2825244424000002,0.009642330350000006,0.1871653141,0.08755404327500016,0.5485488669270057,0.09394121242912629,-0.22154532039744598,0.8007414440444787,-0.2566788955268406,-0.09722047714107082
../raw_mocap_data\Case3.csv,1749907906,0.0,0.0,0.25511357225000003,-0.06766014925,1.24075555825,0.0,0.0,0.0,0.05585784621628166,-0.37456716044989635,-0.24934206161463604,0.8912956185454649,0.0,0.0
../raw_mocap_data\Case3.csv,1749907907,0.01945122750681021,0.004555814838522663,0.274019778,-0.0701391764,1.2531390429000002,0.01890620574999996,-0.002479027150000007,0.012383484650000165,0.05358709601596068,-0.43261033066618726,-0.2407215123342522,0.8671965627474423,0.21574550802061557,0.05053133980571671
../raw_mocap_data\Case3.csv,1749907908,0.014934754250575763,-0.010950238346695042,0.24297900639999997,-0.06256276860000001,1.2353957651999998,-0.012134565850000056,0.005097380649999983,-0.005359793050000228,0.060019135624047794,-0.36260567868897736,-0.24791318381216837,0.8963558882684725,0.1656505298611823,-0.12145581733735866
../raw_mocap_data\Case3.csv,1749907909,0.011025608118362826,-0.0479307526286167,0.1250210008,-0.0403955062,1.1979473233,-0.13009257145000003,0.027264643049999995,-0.04280823495000008,0.031134171192455228,-0.014735340230126586,-0.27241060286108165,0.961564348643045,0.12229178975463519,-0.5316294085836412
../raw_mocap_data\Case3.csv,1749907910,0.011385538663350205,-0.07614606258493685,0.07658940930000001,-0.0285638149,1.1984167337999998,-0.17852416295,0.03909633435,-0.042338824450000256,0.020350112763697203,0.12078782836357278,-0.26998581028496277,0.9550412743303238,0.12628400043919233,-0.8445827365087886
../raw_mocap_data\Case3.csv,1749907911,0.011813017677540102,-0.05049852177746361,0.1199193097,-0.0379421438,1.1991407275000001,-0.13519426255000003,0.029718005449999994,-0.04161483074999994,0.03115532716217108,0.009889036743969905,-0.27258077470916336,0.9615774923533968,0.13102543267282699,-0.560110112914701
../raw_mocap_data\Case3.csv,1749907912,0.01436082472171522,0.0031683812161438746,0.2559251307,-0.0660386981,1.2417482377000002,0.0008115584499999717,0.0016214511499999945,0.0009926794500001446,0.055547558249320055,-0.3708348210642514,-0.2486635667876641,0.8930635110736638,0.15928472504353275,0.03514246156653139
../raw_mocap_data\Case3.csv,1749907913,0.006071587797310762,0.005985692094399181,0.27340690489999997,-0.07044220650000001,1.2535085203,0.018293332649999938,-0.0027820572500000113,0.012752962049999983,0.05308288899468847,-0.43686915191347014,-0.23955014872903835,0.8654150895647005,0.06734370842991558,0.06639098644591952
../raw_mocap_data\Case3.csv,1749907914,0.004650305410346908,-0.0010648644033338108,0.25022744849999995,-0.0647524442,1.2404432058000001,-0.004886123750000082,0.0029077050500000007,-0.00031235244999994194,0.05862518373383014,-0.3902144892827342,-0.24477248856009387,0.8856535265159217,0.051579392758377036,-0.011811064961832709
../raw_mocap_data\Case3.csv,1749907915,0.009551770548420144,-0.020402534705517048,0.20069307679999998,-0.0530725167,1.2140353561,-0.05442049545000005,0.014587632549999993,-0.02672020215000015,0.054510734714309894,-0.22985074865203178,-0.26169049940079897,0.935796610203503,0.1059445522779348,-0.22629704029778508
../raw_mocap_data\Case3.csv,1749907916,0.00916818772217869,-0.036516323612707,0.1400392496,-0.0423730445,1.1965667246999998,-0.11507432265000003,0.025287104749999997,-0.04418883355000025,0.039070737485039475,-0.05084600637381011,-0.2718298485462608,0.960206589514739,0.10168999961865036,-0.4050249675045118
../raw_mocap_data\Case3.csv,1749907917,0.006641374908218112,-0.07079734368825427,0.08807665480000001,-0.0326481604,1.1963146925,-0.16703691745000002,0.035011988849999995,-0.04444086574999995,0.020858419542901043,0.09009395240056824,-0.27162619919206804,0.9579494840478215,0.07366356714645496,-0.7852568109228466
../raw_mocap_data\Case3.csv,1749907918,0.00811990131671003,-0.047790761538373604,0.1228225068,-0.0391118539,1.1989178299,-0.13229106545000002,0.028548295349999996,-0.04183772834999999,0.03088305526501338,-0.0059135479120843455,-0.272591994328395,0.961615760829999,0.09006281141061787,-0.5300766814422676
../raw_mocap_data\Case3.csv,1749907919,0.005208883290065839,0.0038934251835303292,0.2635401443,-0.0674188521,1.2461166502,0.00842657204999997,0.00024129714999999996,0.005361091950000008,0.05605825810305608,-0.3919605694079773,-0.24673619158628246,0.8845030443640783,0.057774923008940715,0.04318436941148905
../raw_mocap_data\Case3.csv,1749907920,0.005216658950339334,0.007010426248042429,0.274810624,-0.0708651766,1.2553389190000002,0.019697051749999972,-0.0032050273500000004,0.014583360750000107,0.05192176310189918,-0.4442648490014531,-0.23964516223337326,0.8616861787659394,0.05786116763156485,0.07775694216703961
../raw_mocap_data\Case3.csv,1749907921,0.005386966633600002,0.001992106035287152,0.248124373,-0.0646580086,1.2389033438000001,-0.006989199250000022,0.0030021406499999986,-0.0018522144499999449,0.05837775905770534,-0.3842083194663739,-0.2452189991380716,0.8881687041108507,0.05975015472155814,0.022095671261028887
../raw_mocap_data\Case3.csv,1749907922,0.007146520852336692,-0.026921272188295778,0.169483424,-0.047667764900000006,1.2055880428,-0.08563014825000004,0.01999238434999999,-0.035167515449999964,0.04539010604915173,-0.14128241069046868,-0.2687762118848333,0.9517028772821777,0.07926645099017432,-0.29860036045496924
../raw_mocap_data\Case3.csv,1749907923,0.005883764411909851,-0.07128531334101526,0.09055282919999999,-0.033574972300000006,1.1955366967999999,-0.16456074305000004,0.03408517694999999,-0.0452188614500002,0.02027900184378428,0.0814991825483769,-0.27168695013155403,0.95871416306237,0.0652604439322234,-0.7906691819722678
../raw_mocap_data\Case3.csv,1749907924,0.004391243340215593,-0.04444885959900823,0.1339198046,-0.0406414308,1.1995929957999998,-0.12119376765000003,0.027018718449999993,-0.04116256245000027,0.035438501239378105,-0.03200990700644296,-0.27228583468369566,0.9610306460846858,0.04870597626526449,-0.493009594986617
../raw_mocap_data\Case3.csv,1749907925,0.0055258777917677835,0.002636933302779098,0.2638396108888889,-0.06787787066666667,1.2466787894444444,0.008726038638888878,-0.00021772141666667744,0.005923231194444378,0.0562396597784632,-0.39461597954261307,-0.24678407685331558,0.8832966369059058,0.06129090367316786,0.029247846431561822
../raw_mocap_data\Case4.csv,1749908445,0.0,0.0,0.14501600950000001,-0.03396690733333333,1.1951454876666667,0.0,0.0,0.0,0.051398355749254054,-0.033459916417839276,-0.27217954241883296,0.960290028953888,0.0,0.0
../raw_mocap_data\Case4.csv,1749908446,0.0037460523945225524,-0.040408662155478114,0.06958769620000001,-0.019397400599999996,1.20582484,-0.07542831330000001,0.014569506733333334,0.01067935233333328,0.03855341405793865,0.1708588139583431,-0.2669920712410467,0.9476476844543236,0.04154976731649192,-0.4481972843161045
../raw_mocap_data\Case4.csv,1749908448,0.005272332056870088,-0.038970268879177185,0.0258539097,-0.013152930499999998,1.2259611965,-0.11916209980000002,0.02081397683333333,0.030815708833333177,0.024633921948581536,0.3157971415473451,-0.25795995128803284,0.9127551691507602,0.0584786722413566,-0.4322431812642364
../raw_mocap_data\Case4.csv,1749908451,0.0027351602004326192,-0.035869772667528305,0.10600349149999999,-0.026775103499999998,1.1990459443,-0.039012518000000024,0.007191803833333333,0.0039004566333333823,0.04379867103690281,0.0666450268302155,-0.26999425406870364,0.9595536564382866,0.03033734126823104,-0.39785367396635596
../raw_mocap_data\Case4.csv,1749908452,0.025743664082500846,-0.06180605174201031,0.0008144902999999992,-0.0103225898,1.2312418342,-0.14420151920000002,0.02364431753333333,0.03609634653333327,0.020387134005874157,0.36573082198439366,-0.2501977781081619,0.8962289899614859,0.28553878586051396,-0.6855288709753597
../raw_mocap_data\Case4.csv,1749908454,0.029095854937542822,-0.04159147041436369,0.033700498300000006,-0.0136838294,1.2191520094,-0.11131551120000001,0.02028307793333333,0.024006521733333175,0.02976335322249056,0.28726527199806196,-0.25934423548409896,0.9215928460171557,0.32271999299769233,-0.4613165370015663
../raw_mocap_data\Case4.csv,1749908457,0.028587656121577324,-0.027592579721957992,0.120143281,-0.027642588699999998,1.1950628399,-0.02487272850000001,0.006324318633333333,-8.264776666666585e-05,0.0510715433230468,0.030065535245841792,-0.2712766058306561,0.9606751605938305,0.3170832478777474,-0.3060462445174179
../raw_mocap_data\Case4.csv,1749908458,0.029367095741612916,-0.05485313680452459,0.0496775389,-0.0165782603,1.2079864264000002,-0.09533847060000002,0.01738864703333333,0.012840938733333473,0.03053229629926621,0.22176057456842194,-0.26238565151408094,0.9386393324005278,0.32572849130709386,-0.6084098220676861
../raw_mocap_data\Case4.csv,1749908461,0.029508921125673795,-0.045337998775642305,0.10414632689999999,-0.026076060500000005,1.2012095808,-0.040869682600000026,0.007890846833333326,0.006064093133333337,0.04517153474196001,0.08437018368633284,-0.26939342474032263,0.9582632139764473,0.32730156372752184,-0.5028715835576101
../raw_mocap_data\Case4.csv,1749908463,0.02904416230731983,0.00244577423697227,0.161437118,-0.0374682863,1.1986105323000003,0.016421108499999976,-0.0035013789666666698,0.003465044633333525,0.052193641590496616,-0.08750981095331517,-0.2696840753885871,0.9575428743645062,0.3221466382947834,0.027127583854261703
../raw_mocap_data\Case4.csv,1749908464,0.029113351079067182,-0.05120365927994586,0.0573407798,-0.016821144599999997,1.2057060955999999,-0.08767522970000002,0.017145762733333333,0.010560607933333133,0.03466370711816471,0.19920559979570085,-0.2639807015630748,0.9430958305607803,0.3229140534465896,-0.5679312259341316
../raw_mocap_data\Case4.csv,1749908465,0.028958528664368457,-0.06492897735740931,0.0063499552,-0.0100516324,1.2263623475999998,-0.1386660543,0.02391527493333333,0.03121685993333312,0.02576660606264983,0.34434139177537937,-0.25395947927019896,0.9034764362234448,0.3211968229787201,-0.720167156562681
../raw_mocap_data\Case5.csv,1749908855,0.0,0.0,0.084265132,-0.18601820514285713,1.2418230771428571,0.0,0.0,0.0,-0.3951678238590771,-0.00637864744282156,-0.2565447919452452,0.8820354151444557,0.0,0.0
../raw_mocap_data\Case5.csv,1749908856,-0.010115618081451882,0.016471461334284416,0.11801138350000002,-0.15752121800000002,1.2314306617,0.03374625150000002,0.028496987142857116,-0.010392415442857184,-0.3135948567383784,-0.07752461007315456,-0.26535802293840816,0.9084235357598681,-0.11219853148914459,0.18269509171916917
../raw_mocap_data\Case5.csv,1749908857,-0.02684613955892475,0.046547665734607516,0.2453173146,-0.1001219743,1.2394220471,0.16105218259999998,0.08589623084285714,-0.0024010300428571885,-0.0533802373990761,-0.36736761667144774,-0.25284200355468955,0.8934553742156398,-0.2977670183285198,0.5162887425778483
../raw_mocap_data\Case5.csv,1749908858,-0.027657839607841152,0.040505647406665866,0.1916157737,-0.10639854909999999,1.2211724637999999,0.10735064169999999,0.07961965604285715,-0.020650613342857227,-0.1027278069300859,-0.23675931509217,-0.2602135822093482,0.9304197526032002,-0.3067700819836292,0.44927300728940694
../raw_mocap_data\Case5.csv,1749908859,-0.03353209063633998,-0.042369031343690695,0.0609393815,-0.0940211907,1.2113393307,-0.023325750500000006,0.09199701444285713,-0.030483746442857118,-0.16933739268648726,0.11421430265617538,-0.26464504884665546,0.9424664124667029,-0.3719250071388866,-0.4699409427186812
../raw_mocap_data\Case5.csv,1749908860,-0.0344542427600172,-0.05676097430669194,0.0581236915,-0.07922121870000001,1.2105607629000001,-0.02614144050000001,0.10679698644285712,-0.03126231424285697,-0.12742126566047654,0.16485070455073658,-0.26385365504828595,0.9417904835919019,-0.382153162576654,-0.6295708192840195
../raw_mocap_data\Case5.csv,1749908861,-0.045335134115805364,-0.07302202839608406,0.0503890702,-0.0256136826,1.2108592869,-0.03387606180000001,0.16040452254285714,-0.030963790242857003,0.008132964436489365,0.21327568755931434,-0.26370191153554806,0.9406958264168469,-0.502839809856356,-0.8099321550525879
../raw_mocap_data\Case5.csv,1749908862,-0.08836737126712427,-0.07387182347874478,0.11474948739999999,0.0622415659,1.2302336692,0.030484355399999982,0.24825977104285712,-0.011589407942857122,0.31579990656780854,0.13560509040687194,-0.25182896958130746,0.9046899184511367,-0.980136775419296,-0.8193577541186555
../raw_mocap_data\Case5.csv,1749908863,-0.08395457266584677,-0.07432384003621897,0.11134477340000001,0.0627325319,1.2276621462000001,0.027079641400000007,0.24875073704285713,-0.014160930942856975,0.3104923099316364,0.1424959048811869,-0.2517686200154581,0.9054844032565774,-0.9311917165179002,-0.824371347311777
../raw_mocap_data\Case5.csv,1749908864,-0.07696187384112557,-0.07858291544042409,0.07166283479999999,0.0352536835,1.2210616945000001,-0.012602297200000015,0.22127188864285713,-0.020761382642856985,0.20827097319458668,0.21175275814529051,-0.2588141879185372,0.919129581329265,-0.8536314000881822,-0.8716113678429556
../raw_mocap_data\Case5.csv,1749908865,-0.08199365573353874,-0.08041233388246039,0.086198017,0.048951589,1.2272897362,0.0019328849999999953,0.23496979414285712,-0.014533340942857187,0.25950967705968503,0.20008572317718323,-0.255616739880753,0.9095496210684588,-0.9094419827492266,-0.8919025711112951
../raw_mocap_data\Case5.csv,1749908866,-0.09015820391936757,-0.08147452016241605,0.07831988819999999,0.05633258649999999,1.2363446712,-0.0059452438000000135,0.2423507916428571,-0.005478405942857201,0.29464798575595286,0.2486083939147407,-0.2512612055576569,0.8878311987910797,-1.0,-0.9036839313622782
../raw_mocap_data\Case5.csv,1749908867,-0.0827310505576985,-0.08079086007217158,0.045605100200000005,0.021993261,1.2270375132999998,-0.0386600318,0.20801146614285715,-0.014785563842857341,0.16963708964668053,0.2936629989808361,-0.2586625640978577,0.9044771853286887,-0.9176208815305205,-0.8961010375098686
../raw_mocap_data\Case5.csv,1749908868,-0.05072323496686769,-0.07280067716369641,0.025006551499999995,-0.015262583299999999,1.2208194733000002,-0.05925858050000001,0.17075562184285714,-0.021003603842856933,0.032799857609933536,0.3032341194477815,-0.2596314659523399,0.9162776544426562,-0.5626025448802385,-0.8074770126166804
../raw_mocap_data\Case5.csv,1749908869,-0.05737973000491184,-0.010294381335708088,0.10379696229999999,-0.022631605599999997,1.2027665376,0.019531830299999983,0.16338659954285714,-0.03905653954285704,0.05988015092363103,0.09300355420737695,-0.2712316730567459,0.9561370644217267,-0.6364338186708892,-0.11418130450906945
../raw_mocap_data\Case5.csv,1749908874,-0.023515345074859542,0.006306401434420444,0.0900856385,-0.1654886425,1.2295554281,0.005820506499999989,0.02052956264285713,-0.012267649042857043,-0.3290961729989004,0.00012581556550188606,-0.2620438472613544,0.9072093006580065,-0.26082313147997427,0.06994817066298852
../raw_mocap_data\Case5.csv,1749908876,-0.029930499978824007,0.04929585591297291,0.24662401970000003,-0.10652993469999998,1.2438431621999997,0.1623588877,0.07948827044285715,0.0020200850571425732,-0.07027199795776028,-0.38653492899648817,-0.25085754289652085,0.8847163885339893,-0.33197755365215753,0.5467706073321996
../raw_mocap_data\Case5.csv,1749908877,-0.027176185467896012,0.04759862083711255,0.1984778039,-0.1136694014,1.2261883139000003,0.11421267189999999,0.07234880374285714,-0.01563476324285684,-0.11777283015107783,-0.2630896659225908,-0.2582582285999626,0.9220716216885511,-0.3014277601647972,0.5279455309433857
../raw_mocap_data\Case5.csv,1749908878,-0.029924676785824358,-0.025106861827938514,0.0886476939,-0.10557208430000001,1.2074655056,0.004382561899999998,0.08044612084285713,-0.03435757154285701,-0.18254412252830657,0.036092907847899924,-0.2695606138754959,0.9448343880175613,-0.33191296504295165,-0.2784756210360255
../raw_mocap_data\Case5.csv,1749908879,-0.03717793624003413,-0.03530023279179922,0.0915563442,-0.07806189840000001,1.2004934429,0.007291212199999994,0.10795630674285712,-0.04132963424285707,-0.10105584869532584,0.059450218671861434,-0.26925310670966773,0.9559059323341014,-0.4123633194077822,-0.39153655748698984
../raw_mocap_data\Case5.csv,1749908880,-0.072114239804271,-0.04391963286133106,0.11281598430000002,0.010536590799999999,1.202998352,0.028550852300000013,0.19655479594285713,-0.038824725142857064,0.147151776516526,0.08533195960821069,-0.2689896263210391,0.9480028440195318,-0.7998633143664432,-0.4871396162750792
../raw_mocap_data\Case5.csv,1749908881,-0.07208405539350396,-0.05010732352975382,0.1128178693,0.013922629900000002,1.2049641608,0.028552737299999992,0.19994083504285715,-0.036858916342857206,0.1759161626465788,0.08277204616398184,-0.2682998805635373,0.943513363012481,-0.7995285205323287,-0.5557710929397728
../raw_mocap_data\Case5.csv,1749908882,-0.04923672591294069,-0.05175897499786028,0.10144430240000002,-0.023890170600000003,1.1999180675,0.017179170400000013,0.16212803454285712,-0.04190500964285704,0.051793973897910385,0.0844457944226163,-0.271629891531474,0.9572896604992637,-0.5461147601939281,-0.5740905735450387
../raw_mocap_data\Case5.csv,1749908883,-0.020710126220978644,-0.04195822058315739,0.08708644870000001,-0.1798240057,1.2382003664999999,0.0028213167000000067,0.006194199442857123,-0.003622710642857241,-0.3570581377592859,0.0010449821132623139,-0.2586979269027838,0.8975431894279269,-0.22970872666785394,-0.46538438832124984
../raw_mocap_data\Case5.csv,1749908884,0.007071228413532379,-0.04247575706812745,0.08035387190000001,-0.2091496766,1.2540383815,-0.003911260099999994,-0.023131471457142866,0.012215304357142909,-0.44004145762935376,-0.005053704566232902,-0.24814205787786522,0.862996810393717,0.07843133631917167,-0.4711247032617839
../raw_mocap_data\Case5.csv,1749908885,0.010294702196573365,0.025768387522079588,0.0932074279,-0.2014992715,1.2504248142,0.008942295899999994,-0.015481066357142859,0.008601737057142955,-0.42056963967612115,-0.04005515919118146,-0.2519294676134788,0.8706596957209263,0.11418486337394616,0.2858130087099493
../raw_mocap_data\Case5.csv,1749908886,0.02634379671219438,0.07458631080702785,0.23243838860000002,-0.1896148131,1.272090888,0.14817325660000003,-0.0035966079571428666,0.030267810857142807,-0.294175457933839,-0.37369403866194595,-0.24339313413935107,0.8453244038070615,0.2921952253591341,0.8272825717971672
../raw_mocap_data\Case5.csv,1749908887,0.026939922446717206,0.07121130787172836,0.19528726799999999,-0.2271946802,1.2809294461,0.11102213599999998,-0.041176475057142864,0.03910636895714292,-0.3684011138109329,-0.3513859092167762,-0.1988211953284055,0.8374238439613166,0.2988072219230405,0.7898483418704275
../raw_mocap_data\Case5.csv,1749908888,0.010687896212497171,0.017314353148784014,0.0893638779,-0.2366688537,1.2726848127,0.005098745899999993,-0.05065064855714285,0.030861735557142778,-0.4848486149325843,-0.051272310396295075,-0.23393146717738678,0.8411712307543666,0.11854601963960844,0.1920441223992106
../raw_mocap_data\Case5.csv,1749908889,0.01055212490632189,-0.03351005551410584,0.07708441730000001,-0.23468345249999997,1.2720191121000002,-0.007180714699999993,-0.04866524735714284,0.03019603495714307,-0.4930082651502605,-0.016078459288272777,-0.23701475108344464,0.836963763498336,0.11704009671442786,-0.37168060206784226
../raw_mocap_data\Case5.csv,1749908890,0.010680625357778101,-0.036077644644843525,0.0733710397,-0.23365558979999998,1.2719310403,-0.010894092300000005,-0.047637384657142845,0.030107963157142814,-0.49342388540794885,-0.009379789067732515,-0.23623772917695443,0.8370403957870158,0.11846537412535693,-0.40015930970751523
../raw_mocap_data\Case5.csv,1749908891,-0.016215978198114947,-0.03258138795071855,0.08837431529999999,-0.1438611896,1.2304999231,0.0041091832999999856,0.04215701554285714,-0.011323154042857109,-0.29425545733223746,0.01991990061841166,-0.261966390850133,0.9189072496473754,-0.17986137138021965,-0.3613801798875398
../raw_mocap_data\Case5.csv,1749908892,-0.05280681643160632,-0.052983992846601775,0.0910740047,-0.029326335400000004,1.1973320842,0.006808872699999996,0.15669186974285712,-0.04449099294285719,0.02573258245304127,0.11250512629174972,-0.27093286120101084,0.9556546528321874,-0.5857128262984671,-0.5876779987097756
../raw_mocap_data\Case5.csv,1749908893,-0.05166774844652664,-0.05791562355064388,0.0880554511,-0.0256261639,1.197406268,0.0037903190999999947,0.16039204124285714,-0.04441680914285717,0.03043185421529245,0.11762122395862708,-0.26993928024207203,0.9551816240411485,-0.5730787238478638,-0.6423777430442198
../raw_mocap_data\Case5.csv,1749908894,-0.05112431025500518,-0.058133718953101265,0.0905275486,-0.027168446899999997,1.1967793108,0.006262416599999987,0.15884975824285713,-0.04504376634285712,0.02880149008212562,0.11445961905131727,-0.27095651774292223,0.9553282343091855,-0.567051117175403,-0.644796773071176
../raw_mocap_data\Case5.csv,1749908895,-0.05293809763693039,-0.057963659455923425,0.08546647600000001,-0.0373660084,1.1964349032000001,0.001201344000000007,0.14865219674285712,-0.04538817394285699,0.011463059120029664,0.11475685953328801,-0.27065188951328384,0.9557442211013137,-0.587168946758026,-0.6429105387654224
../raw_mocap_data\Case6.csv,1749911364,0.0,0.0,0.077902928,-0.091802478,1.197447777,0.0,0.0,0.0,-0.018302447221068784,0.12317800621796213,-0.3445247049853613,0.9304810190781097,0.0,0.0
../raw_mocap_data\Case6.csv,1749911365,0.00018193196453281622,-0.0002457623298681385,0.0788971611,-0.0889897176,1.1973714947999998,0.0009942331000000054,0.002812760400000003,-7.628220000022168e-05,-0.012612054776634888,0.12161663959961956,-0.3427952260592128,0.9314192192765943,0.002017919131303081,-0.002725900907342104
../raw_mocap_data\Case6.csv,1749911366,0.0006783007379221604,-0.0001560169814369143,0.0789263449,-0.0892122799,1.1974598884999998,0.0010234169000000043,0.00259019810000001,1.2111499999800657e-05,-0.014362118907638232,0.11982840896608378,-0.342578091628216,0.9317054969686019,0.007523449984970801,-0.0017304801410689937
../raw_mocap_data\Case6.csv,1749911367,0.0004407867762254859,-0.0004726391848736522,0.0786032764,-0.0895210117,1.1974694253,0.0007003484000000088,0.002281466300000007,2.1648299999954546e-05,-0.014509785118319057,0.12006417550891169,-0.3425669589137541,0.9316769496750297,0.004889036793808589,-0.005242331416632413
../raw_mocap_data\Case6.csv,1749911368,0.00024645803793732685,1.0469816098940743e-05,0.0790209875,-0.0890708432,1.1974481105,0.0011180595000000043,0.0027316348000000074,3.335000000603827e-07,-0.014123762558661516,0.12034050604741207,-0.3427176239715672,0.9315918162772379,0.002733617432726866,0.00011612715919124074
../raw_mocap_data\Case6.csv,1749911369,-0.01673810658325726,-0.00278320987932793,0.08058636350000001,-0.1202107876,1.1991149544000002,0.0026834355000000115,-0.028408309599999987,0.0016671774000001083,-0.08791196937084339,0.08730928674691216,-0.3445980943433298,0.9305378699784502,-0.1856526179051535,-0.030870289761063523
../raw_mocap_data\Case6.csv,1749911370,-0.03190829745003654,-0.007582557859412127,0.08159895240000001,-0.17193226970000003,1.2090507746,0.0036960244000000114,-0.08012979170000002,0.011602997600000053,-0.2110747759677671,0.03807576334094996,-0.3358731706718232,0.9171624111459307,-0.35391451984306965,-0.08410280517781321
../raw_mocap_data\Case6.csv,1749911371,-0.04532278216070358,-0.012267772155717963,0.0792544343,-0.1986474424,1.2190692306000002,0.0013515062999999994,-0.1068449644,0.021621453600000118,-0.28592159242350923,0.01802378178678901,-0.326506601860081,0.9007316055395689,-0.5027028067377842,-0.13606939382565306
../raw_mocap_data\Case6.csv,1749911372,-0.049844974982398954,-0.014205303967545232,0.0734464518,-0.2302063628,1.235323894,-0.00445647619999999,-0.1384038848,0.03787611699999993,-0.3681656101074051,0.010625862307037824,-0.3169330394372983,0.8740106538810096,-0.5528612241097604,-0.15755974886378235
../raw_mocap_data\Case6.csv,1749911373,-0.053597034177322915,0.0036753526819346127,0.041375711499999995,-0.21440163399999998,1.2409541251,-0.0365272165,-0.12259915599999997,0.04350634809999998,-0.37867516324215134,0.11428821454546659,-0.31324893858295083,0.8633761794468239,-0.5944776165378926,0.040765593392051616
../raw_mocap_data\Case6.csv,1749911374,-0.04293540441060545,0.019685741829444575,0.0136004383,-0.15287752829999995,1.2325274109,-0.06430248969999999,-0.06107505029999995,0.03507963389999991,-0.2540469008604394,0.2499842575614238,-0.32036989004261185,0.8776851238848444,-0.47622293417695477,0.21834665037305306
../raw_mocap_data\Case6.csv,1749911375,-0.031526296194892625,0.019235154204375465,0.0377481974,-0.12936092540000002,1.215117824,-0.040154730599999994,-0.037558447400000014,0.017670046999999967,-0.14667046655926377,0.2090740361353827,-0.3371905705045019,0.9061337323023556,-0.3496775093599687,0.21334890634665155
../raw_mocap_data\Case6.csv,1749911376,0.004082148662327929,-0.031382034285134856,0.1193251184,-0.1440042526,1.2007263181999999,0.0414221904,-0.05220177459999999,0.003278541199999818,-0.10426883225299709,-0.021302151089674527,-0.3432971340977766,0.9331780680555036,0.04527761739773314,-0.3480774119369235
../raw_mocap_data\Case6.csv,1749911377,0.05164410712246557,-0.03978708110051934,0.15534740539999997,-0.11027012970000001,1.1972256659,0.07744447739999998,-0.018467651700000004,-0.0002221111000000331,0.017013072474524816,-0.0818685519384489,-0.34208007452223144,0.9359430101151152,0.5728165034060921,-0.44130294716277474
../raw_mocap_data\Case6.csv,1749911378,0.04897187834095197,-0.06748700213994607,0.1360624394,-0.08344367289999999,1.1971232653,0.058159511400000016,0.008358805100000019,-0.00032451170000014073,0.06575203183702351,-0.01771720990403999,-0.3453660907517792,0.9359941421511958,0.543177173147212,-0.748539780143609
../raw_mocap_data\Case6.csv,1749911379,0.01107016700673273,-0.0392944831505173,0.0683465814,-0.0736650552,1.2061091185000001,-0.009556346600000001,0.01813742280000001,0.008661341500000086,0.03172982430869363,0.18034447977098617,-0.3427205381947389,0.9214183195297239,0.12278601974628137,-0.4358392408267147
../raw_mocap_data\Case6.csv,1749911380,0.012232502793775503,-0.024890296619428955,0.010843050600000001,-0.07279788340000001,1.2251916528,-0.0670598774,0.019004594599999994,0.02774387579999993,-0.007775098859661469,0.3328154236193241,-0.33253117344542793,0.8823811309892222,0.13567819967571187,-0.276073563329738
../raw_mocap_data\Case6.csv,1749911381,-0.028101571888132244,-0.023863550343639264,0.039185941700000004,-0.133741986,1.2200904847,-0.03871698629999999,-0.041939508,0.022642707699999987,-0.14402671457086447,0.20981887845256267,-0.33761857920023985,0.9062262624276802,-0.3116917891716733,-0.2646852899263774
../raw_mocap_data\Case6.csv,1749911382,-0.04766838898322793,-0.03402012707522901,0.0526630633,-0.190819685,1.2256016014999997,-0.025239864699999996,-0.09901720699999998,0.028153824499999702,-0.29830481687355825,0.10865411007140655,-0.328879851613134,0.8894079850088746,-0.528719372292064,-0.37733811895426284
../raw_mocap_data\Case6.csv,1749911383,-0.052064674037720075,-0.03493450885039735,0.054762895,-0.2168709814,1.2341183424,-0.023140032999999997,-0.12506850339999998,0.03667056539999991,-0.35508438739047304,0.08065329869944547,-0.32325359913051066,0.8734513345857351,-0.5774812693061608,-0.3874800886854491
../raw_mocap_data\Case6.csv,1749911384,-0.04651993710140941,-0.05772188041414069,0.0753958067,-0.2049667463,1.2236586691000002,-0.002507121299999998,-0.1131642683,0.02621089210000016,-0.31919728376164924,0.03391773261347126,-0.32649595677657883,0.8890236620372332,-0.5159811872806853,-0.6402288189521155
../raw_mocap_data\Case6.csv,1749911385,-0.012242589142094784,-0.0635468582011131,0.09352450300000001,-0.14748260370000002,1.2006604792000002,0.015621575000000013,-0.05568012570000001,0.0032127022000001393,-0.14633097673427367,0.03851306016296393,-0.34131839503586714,0.9276883866121302,-0.13579007355829611,-0.7048372243300879
../raw_mocap_data\Case6.csv,1749911386,0.022190451024258546,-0.05689533601091962,0.1036134884,-0.0968813637,1.1943926693,0.0257105604,-0.005078885699999994,-0.0030551077000000593,0.0001515300743624962,0.06037800229825099,-0.34627505492964433,0.93618804746193,0.24612791803288847,-0.6310611074484537
../raw_mocap_data\Case6.csv,1749911387,0.022310897215895978,-0.062653988430454,0.122849091,-0.0390179143,1.2053304791,0.044946163,0.05278456370000001,0.007882702099999861,0.17255309370626712,0.06265761775653851,-0.3446154583523266,0.9206191604860761,0.24746386070256668,-0.6949338574500464
../raw_mocap_data\Case6.csv,1749911388,0.009834641881460132,-0.037490772055121496,0.07619282179999999,-0.041070928900000005,1.2129545569,-0.0017101062000000056,0.0507315491,0.015506779899999934,0.1295280215316046,0.1892363051352945,-0.34167685258632435,0.9114104678264087,0.1090820519256981,-0.4158331735251862
../raw_mocap_data\Case6.csv,1749911389,0.011101582937898136,-0.026043878522952955,0.021004653,-0.0496987867,1.2283198596999998,-0.056898275,0.04210369130000001,0.030872082699999748,0.06753686507704372,0.33233112896865674,-0.33121452703376214,0.8805065188036852,0.12313447312933128,-0.2888686485618673
../raw_mocap_data\Case6.csv,1749911390,0.012284564727579514,-0.024844054586663947,0.015927892800000003,-0.0474284356,1.2310890675,-0.061975035199999993,0.04437404240000001,0.033641290499999865,0.062261243719111285,0.35529492433235466,-0.32869171088985605,0.8728406575466768,0.13625565055140337,-0.2755606645500954
../raw_mocap_data\Case6.csv,1749911391,0.011784969367076402,-0.02588060870233676,0.0406241542,-0.04431261560000001,1.2216277003000002,-0.0372787738,0.0474898624,0.024179923300000183,0.08922333444472003,0.29203903687528554,-0.33419993528702047,0.8916629412427505,0.13071433163881807,-0.28705772272796076
../raw_mocap_data\Case6.csv,1749911392,0.011706394530068484,-0.032469923135426015,0.0684910521,-0.0410318364,1.2137848734000003,-0.009411875899999991,0.050770641600000006,0.01633709640000025,0.12393695088474653,0.21530011952973585,-0.33968456562747257,0.9071382951955831,0.1298428098738305,-0.360143855177786
../raw_mocap_data\Case6.csv,1749911393,0.02271246346547906,-0.05569932381048648,0.1081400102,-0.0403008837,1.208397603,0.0302370822,0.05150159430000001,0.010949826000000051,0.1612380017192937,0.11444752549037972,-0.34208895899295255,0.9186289865042448,0.25191787855259196,-0.6177954017396001
../raw_mocap_data\Case6.csv,1749911394,0.05023008069332375,-0.07681971519436707,0.14500015830000001,-0.0548058332,1.2051408292,0.06709723030000002,0.036996644800000006,0.00769305220000005,0.1598839186677941,-0.0168098772021717,-0.33911970065070135,0.9269047357794957,0.5571326680181728,-0.8520546312465398
../raw_mocap_data\Case6.csv,1749911395,0.05984356853504517,-0.07426785324364987,0.1828033865,-0.1017357311,1.2061664581000002,0.1049004585,-0.009933253099999997,0.00871868110000018,0.08039864684801144,-0.1304529346669735,-0.33598541937641596,0.9293179689364868,0.663761764692716,-0.8237503634175195
../raw_mocap_data\Case6.csv,1749911396,0.002044938818042366,-0.07598613069268062,0.10902095690000002,-0.2086611033,1.2309103728,0.031118028900000025,-0.1168586253,0.033462595799999884,-0.2845205747702501,-0.06539121348974337,-0.3244503951838653,0.8997243871296248,0.02268167209576673,-0.8428088336879286
../raw_mocap_data\Case6.csv,1749911397,-0.017368020941749968,-0.07758872311253624,0.0901205175,-0.2466817603,1.2453205587,0.0122175895,-0.15487928229999998,0.04787278169999998,-0.40649529414732066,-0.04849427043131625,-0.3078524981111991,0.8588578002079923,-0.19263938484492157,-0.8605841702650513
../raw_mocap_data\Case6.csv,1749911398,0.01467063134566185,-0.08208646409271703,0.1532786241,-0.163906341,1.2082804800000002,0.07537569610000001,-0.072103863,0.010832703000000166,-0.12405809825840423,-0.11634670965276706,-0.33748010707123643,0.9258402717211375,0.16272098054196418,-0.9104713772484925
../raw_mocap_data\Case6.csv,1749911399,0.061482517583869474,-0.08172531204440828,0.18374370939999998,-0.12250080550000002,1.2031839012000003,0.10584078139999999,-0.03069832750000001,0.005736124200000248,0.02003967562673539,-0.15761830747141575,-0.33568671736070876,0.9284768754999841,0.6819403549659883,-0.9064656181205517
../raw_mocap_data\Case6.csv,1749911400,0.07074868226099071,-0.07854054510463979,0.20624794510000002,-0.11878678420000002,1.2095229984,0.12834501710000001,-0.026984306200000016,0.012075221399999947,0.03796068117329708,-0.21187465105672829,-0.33099458505507523,0.9187549747286637,0.7847170771532267,-0.871141412431885
../raw_mocap_data\Case6.csv,1749911401,0.0425849845000701,-0.07304877247096275,0.1422217959,-0.10323484329999999,1.1963006496,0.0643188679,-0.011432365299999983,-0.0011471274000001142,0.020063391064182156,-0.042998043887033176,-0.34270904899202503,0.938242578601012,0.4723362117789715,-0.8102287900088767
../raw_mocap_data\Case6.csv,1749911402,0.01784277360768908,-0.05875006272822163,0.08521120470000002,-0.09490632709999999,1.1967819214,0.007308276700000019,-0.0031038490999999863,-0.0006658556000000981,-0.011639400053969738,0.10824468433059223,-0.341338200692831,0.9336143986830616,0.19790515817780324,-0.6516330203379426
../raw_mocap_data\Case6.csv,1749911403,0.00015697127795497728,-0.05810678989409357,0.086367138,-0.10753797,1.196798563,0.00846421,-0.01573549199999999,-0.0006492140000000646,-0.02714451593877983,0.10919193175373484,-0.34139490023003766,0.9331611968954023,0.0017410648297226901,-0.6444980863423256
../raw_mocap_data\Case7.csv,1749911595,0.0,0.0,0.17073641350000002,0.060716662500000004,1.26538291575,0.0,0.0,0.0,0.4960577277844097,0.07686636305739883,-0.3087185949903172,0.8079053917649647,0.0,0.0
../raw_mocap_data\Case7.csv,1749911596,0.014721604213363116,-0.013890294383291962,0.17171863310000002,0.0328457702,1.2511169552999999,0.0009822196000000005,-0.027870892300000005,-0.01426596045000017,0.45702153145066193,0.04891972329396467,-0.3123157352878876,0.8313826206716856,0.16328635191678498,-0.15406578413778804
../raw_mocap_data\Case7.csv,1749911597,0.03978627191733742,0.027321175529973665,0.1856006606,-0.05941219960000001,1.2178239466,0.014864247099999978,-0.12012886210000001,-0.04755896915000002,0.22500083660412717,-0.07772151963287899,-0.3299872380320453,0.9134781944027899,0.44129397201523696,0.30303593397233364
../raw_mocap_data\Case7.csv,1749911598,0.0484014993685404,0.03050102382288213,0.2002024233,-0.1042932786,1.2156662224,0.02946600979999997,-0.1650099411,-0.04971669334999995,0.1027817611668906,-0.1583207818812468,-0.3321785591696257,0.9241362694018315,0.5368507497313054,0.33830558392845234
../raw_mocap_data\Case7.csv,1749911600,0.03616334570229703,0.032264905075051996,0.16920659840000002,-0.0680501392,1.2099924681999998,-0.0015298150999999982,-0.1287668017,-0.05539044755000022,0.1703534517737953,-0.04976130653187254,-0.3393764370024716,0.9237570827054596,0.4011098727592166,0.3578698739818277
../raw_mocap_data\Case7.csv,1749911601,0.01739664966649335,0.03200115916213182,0.12900320669999998,-0.031748448,1.2104053496,-0.04173320680000003,-0.0924651105,-0.054977566150000046,0.22023498858952953,0.07682282039751757,-0.34437345178580636,0.9093963546068731,0.19295692361010136,0.35494450611229855
../raw_mocap_data\Case7.csv,1749911602,0.010102923636779684,0.0444819716847297,0.1097525664,-0.07972100489999999,1.1996139883,-0.060983847100000016,-0.1404376674,-0.06576892744999996,0.07778347006796543,0.09110778026621802,-0.34890808964911596,0.9294687994422152,0.11205772960844662,0.4933768614613471
../raw_mocap_data\Case7.csv,1749911603,0.0070114600309501545,0.05426748369678149,0.0961867662,-0.0984517836,1.1968755006,-0.07454964730000002,-0.1591684461,-0.06850741515000003,0.008937253293110797,0.10554006123427369,-0.34743157635058086,0.9317042023801283,0.07776840848804852,0.6019139838379575
../raw_mocap_data\Case7.csv,1749911604,0.02065272559611142,0.044987750598401245,0.1097594023,-0.0729392104,1.2001227022,-0.060977011200000014,-0.1336558729,-0.06526021355,0.08600356438890415,0.0966911154713244,-0.3485830388696104,0.9283017182542228,0.22907206109143496,0.4989867659590442
../raw_mocap_data\Case7.csv,1749911605,-0.01165178096859443,0.016333647575745527,0.1589114145,0.020312576,1.2403213502,-0.01182499900000003,-0.040404086500000005,-0.025061565550000164,0.3863566446546293,0.06870666124874605,-0.32093150726818787,0.8619808034253639,-0.12923705732886082,0.18116651470068573
../raw_mocap_data\Case7.csv,1749911606,-0.02264541616196592,-0.005898447834006936,0.1679190292,0.06050377149999999,1.2660952569,-0.002817384300000031,-0.00021289100000001365,0.0007123411499998511,0.5023265169490146,0.08374718311122585,-0.31530158941485115,0.8007742424699203,-0.2511742157399088,-0.06542330678284336
../raw_mocap_data\Case7.csv,1749911607,-0.01051377777758582,-0.012799850510692042,0.1591972471,0.0232688688,1.2435459853000002,-0.011539166400000023,-0.03744779370000001,-0.021836930449999903,0.428980163203144,0.07330816796815935,-0.3202892304271062,0.8414373066127792,-0.11661476516312096,-0.14197100157562487
../raw_mocap_data\Case7.csv,1749911608,-0.01320762796515949,0.033865041407416356,0.12827408229999998,-0.0530879706,1.2063339949,-0.042462331200000036,-0.1138046331,-0.05904892085000002,0.17722681007803762,0.06756980998632171,-0.34665149327414246,0.9186172874373651,-0.14649391171292242,0.3756179685844601
../raw_mocap_data\Case7.csv,1749911609,-0.011527016988666997,0.03628578411293042,0.11919784039999999,-0.0485435572,1.2055883289,-0.051538573100000026,-0.1092602197,-0.05979458685000005,0.16251212825176173,0.09148175125214297,-0.34856077094272164,0.9185457453598812,-0.12785322341798325,0.402467912353072
../raw_mocap_data\Case7.csv,1749911610,0.02719608100861444,0.033779867256472335,0.13531421719999998,-0.05728475270000001,1.206828785,-0.03542219630000004,-0.11800141520000001,-0.058554130750000155,0.16686270528101446,0.04209391458406547,-0.3462842267241899,0.9222104826249378,0.30164843382347195,0.3746732497763947
../raw_mocap_data\Case7.csv,1749911611,0.04580497025153629,0.0348165046020647,0.17484698159999998,-0.0947640539,1.2086293699,0.004110568099999962,-0.1554807164,-0.05675354585000014,0.10715015241056397,-0.085981323583882,-0.33860134875393144,0.9308464875881388,0.508051050933775,0.3861712311084039
../raw_mocap_data\Case7.csv,1749911612,0.05532790169026579,0.03720871134838752,0.2015292004,-0.114031183,1.2165814995999997,0.03079278689999998,-0.1747478455,-0.04880141615000033,0.07440908004886715,-0.17505584631349558,-0.32994821912036393,0.9246366379162397,0.6136757309378962,0.4127046650315361
../raw_mocap_data\Case7.csv,1749911613,0.05947017204002368,0.034186026368578384,0.2065165607,-0.10790949680000002,1.2199304461,0.03578014719999997,-0.16862615930000002,-0.04545246965000005,0.10433180347496962,-0.1919127926230849,-0.32789908217399943,0.9191118249270422,0.6596201948877604,0.37917820988484247
../raw_mocap_data\Case7.csv,1749911614,0.052127207994152366,0.02534272310124995,0.1956326738,-0.023094809799999998,1.2297881723999997,0.024896260299999973,-0.0838114723,-0.035594743350000346,0.3188384167235153,-0.0810801932939228,-0.32448788979106497,0.8868346382813449,0.5781748718150154,0.2810917032454978
../raw_mocap_data\Case7.csv,1749911615,0.0379878248249076,-0.023165611391404117,0.18216256039999998,0.026265718,1.2490658403,0.011426146899999962,-0.034450944500000004,-0.016317075450000162,0.43625061614722727,0.01438773910909831,-0.31361792451323495,0.8432806118360032,0.42134629100288834,-0.25694402044790216
../raw_mocap_data\Case7.csv,1749911616,0.029664575174098345,-0.025939549593459597,0.18660925180000001,0.0662011888,1.2727804662,0.015872838299999997,0.0054845263000000005,0.007397550449999901,0.5127285582236828,0.038903760967115085,-0.3050273674707643,0.8015948029137491,0.329028018355697,-0.28771147234319877
../raw_mocap_data\Case7.csv,1749911617,0.03022367559408709,-0.030386618240000496,0.19674749519999998,0.10447364370000001,1.300746727,0.026011081699999966,0.0437569812,0.03536381124999988,0.5806988025599862,0.049651720869903715,-0.2922437435266717,0.7582329468504861,0.3352293444212514,-0.3370366413596324
../raw_mocap_data\Case7.csv,1749911618,0.031033081609182608,0.026399019723983366,0.1823007287,-0.0029504193000000007,1.2391889453999998,0.01156431519999998,-0.06366708180000001,-0.026193970350000262,0.39710556568603506,-0.01020020261878543,-0.31645343792391306,0.8614292467718089,0.3442069635386354,0.2928077376917708
../raw_mocap_data\Case7.csv,1749911619,0.038301265351760067,0.036240357412974884,0.1707364246,-0.078618057,1.2097159027,1.1099999974728547e-08,-0.1393347195,-0.0556670130500001,0.14618000815198756,-0.06261510768294247,-0.33797526682316903,0.9276224838383048,0.4248228523497935,0.4019640569302625
../raw_mocap_data\Case7.csv,1749911620,0.025156850932680993,0.037660086501728834,0.1444899551,-0.08993075569999999,1.2032978416,-0.026246458400000006,-0.1506474182,-0.062085074150000086,0.08712015332153161,-0.01149523202401379,-0.3456137870238876,0.9342532037648861,0.2790300808918051,0.4177111440175749
../raw_mocap_data\Case7.csv,1749911621,-0.016601960433715493,0.04896991382960983,0.1162592217,-0.062839159,1.2020132423,-0.05447719180000002,-0.12355582150000001,-0.06336967345,0.13301665885008854,0.08202749569175367,-0.3502419273101567,0.9235305359179876,-0.18414253736202812,0.5431553835456367
../raw_mocap_data\Case7.csv,1749911622,-0.028880860232670492,0.05175502190501441,0.1207258038,-0.05370058169999999,1.2049478294,-0.050010609700000014,-0.11441724419999999,-0.060435086350000056,0.16440254990291014,0.08406366508065184,-0.3490348764336607,0.9187381328929198,-0.3203353547115902,0.5740467273649461
../raw_mocap_data\Case7.csv,1749911624,-0.014599558014799155,0.0045784952341085955,0.1563233376,0.017090516200000003,1.238460517,-0.014413075900000016,-0.0436261463,-0.02692239875000002,0.40319341470095355,0.0725465469421491,-0.32382031417993806,0.8528261680981428,-0.1619326625878237,0.05078290199972644
../raw_mocap_data\Case7.csv,1749911625,0.032473433869649404,0.0188575783430565,0.1787161128,-0.0404594833,1.2213434697,0.007979699299999976,-0.1011761458,-0.044039446049999986,0.2731273735942492,-0.042042620151083586,-0.3301425912019645,0.9025739445379484,0.3601827948867728,0.20916098062381164
../raw_mocap_data\Case7.csv,1749911626,0.03918913261907643,0.03920275007974276,0.1682251886,-0.09715853329999999,1.2072479726,-0.0025112249000000253,-0.15787519579999998,-0.05813494315000001,0.09519423054535046,-0.0765901214115121,-0.3396531999634039,0.93258121122381,0.4346707333935466,0.4348217730114
../raw_mocap_data\Case7.csv,1749911627,0.01977043370478312,0.057688744018574725,0.1290529863,-0.1010184883,1.2000845671,-0.04168342720000001,-0.1617351508,-0.06529834865000006,0.03906281373601235,0.01877821420518718,-0.3482446367553453,0.9364011684237836,0.21928601996624383,0.6398612828419729
../raw_mocap_data\Case7.csv,1749911628,-0.021237524969277867,0.06420175735231459,0.0890595406,-0.0925883256,1.1973957419999999,-0.08167687290000002,-0.15330498809999998,-0.06798717375000018,0.01919878842080733,0.11847455881328896,-0.3486954418795523,0.9295195932575028,-0.2355584300267507,0.7121011129473368
../raw_mocap_data\Case7.csv,1749911629,-0.04123319239226879,0.06759827901118692,0.0946372278,-0.10280514,1.1966557979999999,-0.07609918570000002,-0.1635218025,-0.06872711775000018,-0.0016878413477614878,0.1104660284505922,-0.3471635393587807,0.9312743337437267,-0.4573426554631172,0.7497740202504812
../raw_mocap_data\Case7.csv,1749911630,-0.003936628230182055,0.06717698648579253,0.10534558670000001,-0.0823626936,1.1995925069,-0.06539082680000001,-0.1430793561,-0.06579040885000009,0.06731803414852759,0.1099038122446241,-0.348471359776359,0.9284164721438818,-0.04366356093010409,0.7451012061628007
../raw_mocap_data\Case7.csv,1749911632,-0.034674459751308645,0.039188642937231774,0.14915893679999997,-0.0044373326000000015,1.2247187613000001,-0.021577476700000042,-0.0651539951,-0.040664154449999934,0.3265235125377915,0.06886449377127637,-0.3289950119812879,0.8834038483893087,-0.38459572444809936,0.43466530203152554
../raw_mocap_data\Case7.csv,1749911633,0.00643013574157269,0.025621832784362867,0.17096441144444444,0.004621236666666667,1.2341985171111112,0.00022799794444441912,-0.05609542583333334,-0.03118439863888889,0.36971497314154256,0.02096730899702763,-0.3257696193060421,0.8699111251878368,0.07132058384086092,0.2841874801241337
../raw_mocap_data\Case8.csv,1749911929,0.0,0.0,0.162659511,-0.1175043805,1.1933486465,0.0,0.0,0.0,0.02853906702207232,-0.03442791642711951,-0.36177394352632436,0.9311927050881621,0.0,0.0
../raw_mocap_data\Case8.csv,1749911930,-0.009157073432728681,0.006492015683703638,0.138035857,-0.10632328849999999,1.1931110382,-0.024623653999999995,0.011181092000000017,-0.00023760829999996957,0.03242212080628739,0.02194544959944039,-0.3638962904212535,0.9306162974835287,-0.10156672420979296,0.0720069322755113
../raw_mocap_data\Case8.csv,1749911931,-0.028795125223808612,0.03352902583844977,0.0913309038,-0.09405848219999999,1.2009465097,-0.0713286072,0.023445898300000018,0.007597863199999999,0.02099834157414855,0.17020788856916205,-0.3616116713546541,0.9164198510835831,-0.3193844150839712,0.3718910135835919
../raw_mocap_data\Case8.csv,1749911932,-0.027727412378264288,0.04907010195190165,0.046731990699999996,-0.0821652159,1.217221713,-0.1159275203,0.0353391646,0.023873066499999984,0.014133114302552388,0.2924108004901766,-0.35251194031602534,0.8888371677486469,-0.30754175630053726,0.5442666315290308
../raw_mocap_data\Case8.csv,1749911933,-0.026742685955107447,0.054061305446510534,0.030694293699999996,-0.07763323629999999,1.2262660025,-0.13196521730000002,0.039871144200000014,0.03291735600000001,0.00962291330359681,0.3488898485881975,-0.3462527307059152,0.8707998160141933,-0.2966195508844054,0.5996271342634545
../raw_mocap_data\Case8.csv,1749911934,-0.021230869482334314,0.022259438253715964,0.0888873993,-0.0434367895,1.2236747027,-0.0737721117,0.074067591,0.03032605619999984,0.18589361881008695,0.24776529272867434,-0.3460462737755772,0.8856115957973918,-0.23548460993435505,0.24689309775540286
../raw_mocap_data\Case8.csv,1749911935,-0.0340754605944568,0.008221725558357727,0.1521657957,-0.0019040157000000002,1.2368761183,-0.010493715300000012,0.11560036480000001,0.04352747180000005,0.3656451158855189,0.1523253344565407,-0.33192524855385996,0.8561111324379719,-0.3779518569927588,0.0911922065984231
../raw_mocap_data\Case8.csv,1749911936,-0.03138496850462771,0.012412272475358262,0.13576309979999998,-0.012435467199999998,1.2318065284,-0.026896411200000025,0.10506891330000001,0.03845788189999988,0.32074242330125685,0.17528086152222497,-0.34244924402084903,0.8655226356071879,-0.34810995716703336,0.13767213559909755
../raw_mocap_data\Case8.csv,1749911937,-0.03276731004589492,0.032448221784790385,0.0748509378,-0.057445909700000006,1.2168490171,-0.0878085732,0.0600584708,0.023500370599999876,0.11296898067495223,0.256111082885895,-0.3529176634763693,0.8928013471286076,-0.3634423560078921,0.35990315217248836
../raw_mocap_data\Case8.csv,1749911938,-0.03425909131214126,0.05564475830891146,0.054013860700000006,-0.08354931689999999,1.214382565,-0.10864565030000001,0.033955063600000016,0.021033918499999915,0.02191666635919946,0.2797110536491938,-0.3531705875839759,0.892497575496845,-0.37998861803836137,0.6171901822564811
../raw_mocap_data\Case8.csv,1749911940,-0.0004269965398136337,0.0007525699186852778,0.1395808331,-0.1235230446,1.19317348,-0.02307867790000001,-0.006018664100000001,-0.00017516650000004574,-0.012974872033137064,0.013911503875606282,-0.361729773502918,0.9320888872404661,-0.004736080814071179,0.008347215072721879
../raw_mocap_data\Case8.csv,1749911941,-0.013146231951894878,0.005461550728135854,0.179057847,-0.12466206310000001,1.1975381971,0.016398335999999986,-0.0071576826000000066,0.004189550600000036,0.027127649134970847,-0.08534504325352962,-0.35761962659566293,0.9295636163910685,-0.14581293083047805,0.060577412711330825
../raw_mocap_data\Case8.csv,1749911942,-0.009649778118626075,0.0011999931631549035,0.1661672912,-0.1265356302,1.1962034226,0.0035077802000000047,-0.009031249699999994,0.002854776099999956,0.014297382282519823,-0.057166831633300746,-0.3594015270242656,0.9313206110644731,-0.10703161441920797,0.013309861010852766
../raw_mocap_data\Case8.csv,1749911943,-0.04541183537458796,0.011903580410243008,0.1115123302,-0.1180301727,1.1950119734000002,-0.05114718080000001,-0.0005257921999999998,0.0016633269000001505,-0.01835900161182987,0.0889839957385221,-0.3616133377839473,0.9278903973524979,-0.5036905506148032,0.1320299195499602
../raw_mocap_data\Case8.csv,1749911947,-0.012674303770491366,0.01806959445686708,0.1080518194,-0.06259475240000001,1.2078454375,-0.05460769160000001,0.054909628099999996,0.014496791000000009,0.13354205977446704,0.1640372838582222,-0.3585401206874138,0.9092344415127842,-0.14057848558991426,0.20042096749207103
../raw_mocap_data\Case8.csv,1749911949,-0.04324425595747736,-0.017591520425599118,0.17555743010000002,0.0271066845,1.249545884,0.012897919100000016,0.144611065,0.05619723749999994,0.4444746737285205,0.08640989395411709,-0.32883454429176384,0.8287601807044012,-0.4796485963290993,-0.19511835485689116
../raw_mocap_data\Case8.csv,1749911951,-0.04736041095440699,-0.00959127655972649,0.1644251577,0.0211841092,1.2497418404,0.0017656466999999842,0.1386884897,0.05639319389999997,0.43279651729336605,0.13283119583824715,-0.3297432278363996,0.8284397695227738,-0.5253033988649938,-0.10638273770742358
../raw_mocap_data\Case8.csv,1749911952,-0.04806236556898183,0.01981066496317102,0.06151754220000001,-0.0491779984,1.2300336242000003,-0.1011419688,0.0683263821,0.03668497770000023,0.15780032974276806,0.3144782563280627,-0.3467397282422552,0.8694676780009836,-0.5330892085202374,0.21973224955644152
../raw_mocap_data\Case8.csv,1749911955,-0.048409028786568054,0.006634351155888396,0.1181561857,-0.0116051959,1.2369822383,-0.04450332530000001,0.1058991846,0.04363359179999993,0.33208041423375007,0.2214532687371186,-0.32594954439475865,0.8569935488420177,-0.5369342631299795,0.0735856623965334
../raw_mocap_data\Case8.csv,1749911956,-0.048262315330639655,-0.0026341564744599907,0.1422666177,0.0023417581,1.2470622777,-0.02039289330000002,0.1198461386,0.053713631199999945,0.42090470307094235,0.1839747918599552,-0.29978675487898093,0.8361342048331583,-0.5353069741030195,-0.02921704692360367
../raw_mocap_data\Case8.csv,1749911958,-0.04763497730202439,0.023352271054523248,0.0470548929,-0.0536184545,1.2331594466999998,-0.1156046181,0.06388592600000001,0.03981080019999972,0.13302678787699757,0.34900453302984946,-0.34521130742423134,0.8610045661076355,-0.52834878281988,0.25901437738720046
../raw_mocap_data\Case8.csv,1749911959,-0.04654162946028602,0.028196455506882913,0.0293376494,-0.05795219580000001,1.2365555764000002,-0.1333218616,0.0595521847,0.04320692990000019,0.08537640841005432,0.3825039378380327,-0.3401787676557239,0.8547982290936446,-0.5162217905528623,0.3127442016491393
../raw_mocap_data\Case8.csv,1749911962,-0.048017374585877196,0.004961147669401672,0.1383839309,-0.009790999299999999,1.2371829153,-0.0242755801,0.10771338120000001,0.043834268799999965,0.3658704366006547,0.17545415528703023,-0.3242276100577828,0.8545356165136591,-0.532590185900567,0.055027135121709425
../raw_mocap_data\Case8.csv,1749911963,-0.047442048866993165,0.013973847185278283,0.08388750090000001,-0.0270126584,1.2356314897,-0.0787720101,0.0904917221,0.042282843199999975,0.2538618094971142,0.28539837745479685,-0.345213914279296,0.8572801766126329,-0.5262088950820567,0.15499251956899793
../raw_mocap_data\Case8.csv,1749911964,-0.04680523347665923,0.012571929865809683,0.0891428503,-0.0171430872,1.2411691547,-0.0735166607,0.1003612933,0.047820508200000056,0.28631485068869095,0.2919692905656472,-0.3318812137806006,0.8500779961751866,-0.5191455845606595,0.1394429937518865
../raw_mocap_data\Case8.csv,1749911965,-0.046042518146343754,0.001267152043639204,0.13113057160000002,0.0075132464,1.2493682862,-0.03152893939999998,0.1250176269,0.0560196396999999,0.40073846759331105,0.22604032601960905,-0.3163831600541982,0.8295879384598316,-0.5106858404979051,0.014054761392235292
../raw_mocap_data\Case8.csv,1749911966,-0.04732613890382642,-3.4792765779279033e-06,0.13425672800000002,0.0080047343,1.2514634608000001,-0.028402782999999987,0.12550911480000002,0.058114814300000095,0.4176928112520818,0.21602425082761348,-0.3041107085193077,0.8284822963990153,-0.5249232665077518,-3.859079292484101e-05
../raw_mocap_data\Case8.csv,1749911968,-0.04583902367363721,0.03575102515323321,0.0815402092,-0.06922321840000001,1.212235129,-0.0811193018,0.0482811621,0.018886482499999913,0.1012043746101615,0.2312593318188261,-0.35568292728207274,0.8998702413384565,-0.5084287583483035,0.3965365723701297
../raw_mocap_data\Case8.csv,1749911969,-0.044820044052409094,0.03527367481452118,0.08815569066666668,-0.09749379516666666,1.2019077340000002,-0.07450382033333333,0.020010585333333344,0.008559087500000118,0.03228453360602537,0.18112253646486323,-0.3620511965245365,0.9138223387341365,-0.4971266296796864,0.3912419866534605
