timestamp,k,theta_max,tip_angle,pred_x,pred_y,pred_z,actual_x,actual_y,actual_z,error
1749907678,1.3,0.0010654990255107154,0.26510438925509605,0.15169490476427305,-0.0671635065,1.2222671391658888,0.103361145,-0.090821572,1.201710343,0.05760588741403651
1749907678,1.4000000000000001,0.0007392500993893878,0.26510438925509605,0.15056382686247338,-0.0671635065,1.2221980310331837,0.103361145,-0.090821572,1.201710343,0.056635171043771186
1749907678,1.5000000000000002,0.000510785495229203,0.26510438925509605,0.1495871324087093,-0.0671635065,1.2221398605802483,0.103361145,-0.090821572,1.201710343,0.055802429729126655
1749907678,1.6000000000000003,0.0003516714836692034,0.26510438925509605,0.14874145730141472,-0.0671635065,1.2220906304351666,0.103361145,-0.090821572,1.201710343,0.0550856871039677
1749907678,1.7000000000000004,0.00024137543490366218,0.26510438925509605,0.1480070354445576,-0.0671635065,1.2220487491602452,0.103361145,-0.090821572,1.201710343,0.054466598589675404
1749907678,1.8000000000000005,0.00016522708465787866,0.26510438925509605,0.14736725105232457,-0.0671635065,1.2220129440625191,0.103361145,-0.090821572,1.201710343,0.05392992715547209
1749907678,1.9000000000000006,0.00011283676900574369,0.26510438925509605,0.14680818252162842,-0.0671635065,1.2219821923913803,0.103361145,-0.090821572,1.201710343,0.05346304340715069
1749907678,2.000000000000001,7.690038570820673e-05,0.26510438925509605,0.1463181769081828,-0.0671635065,1.221955667678571,0.103361145,-0.090821572,1.201710343,0.05305547874540084
1749907678,2.1000000000000005,5.231472161442454e-05,0.26510438925509605,0.1458874727604098,-0.0671635065,1.2219326981227883,0.103361145,-0.090821572,1.201710343,0.052698541371657116
1749907678,2.200000000000001,3.553289908605802e-05,0.26510438925509605,0.14550787640591942,-0.0671635065,1.2219127343634917,0.103361145,-0.090821572,1.201710343,0.05238499449468986
1749907678,2.3000000000000007,2.4100700780515543e-05,0.26510438925509605,0.1451724898718541,-0.0671635065,1.2218953244924602,0.103361145,-0.090821572,1.201710343,0.0521087910150137
1749907678,2.4000000000000012,1.6326427972084816e-05,0.26510438925509605,0.1448754852986386,-0.0671635065,1.2218800946150103,0.103361145,-0.090821572,1.201710343,0.05186485702134605
1749907678,2.500000000000001,1.1047809710113386e-05,0.26510438925509605,0.14461191950178767,-0.0671635065,1.2218667336606899,0.103361145,-0.090821572,1.201710343,0.051648916200303485
1749907678,2.6000000000000014,7.468578455953359e-06,0.26510438925509605,0.14437758229332173,-0.0671635065,1.2218549814522213,0.103361145,-0.090821572,1.201710343,0.051457347869959216
1749907678,2.700000000000001,5.0445575375183795e-06,0.26510438925509605,0.14416887270408899,-0.0671635065,1.2218446192805876,0.103361145,-0.090821572,1.201710343,0.05128707229815714
1749907678,2.8000000000000016,3.4046503143852557e-06,0.26510438925509605,0.14398269799195423,-0.0671635065,1.2218354624162298,0.103361145,-0.090821572,1.201710343,0.0511354579738751
1749907678,2.9000000000000012,2.2962664702358704e-06,0.26510438925509605,0.14381639117677275,-0.0671635065,1.2218273541236828,0.103361145,-0.090821572,1.201710343,0.05100024649916857
1749907678,3.0000000000000018,1.5477620889983422e-06,0.26510438925509605,0.1436676434948717,-0.0671635065,1.2218201608502053,0.103361145,-0.090821572,1.201710343,0.05087949152741032
1749907679,1.3,0.0024533484316418865,0.6104120435855145,0.18436978535434245,-0.0694556331,1.234600826860993,0.074679792,-0.157684803,1.225674152,0.141053063020243
1749907679,1.4000000000000001,0.0017021489729272623,0.6104120435855145,0.18180330242951476,-0.0694556331,1.2342387645174997,0.074679792,-0.157684803,1.225674152,0.13904382580884467
1749907679,1.5000000000000002,0.0011761013042929215,0.6104120435855145,0.17958627087512052,-0.0694556331,1.233934022462142,0.074679792,-0.157684803,1.225674152,0.1373243648857352
1749907679,1.6000000000000003,0.0008097357785000984,0.6104120435855145,0.17766604584547127,-0.0694556331,1.2336761379530794,0.074679792,-0.157684803,1.225674152,0.13584765983100405
1749907679,1.7000000000000004,0.0005557753038525163,0.6104120435855145,0.17599801453457306,-0.0694556331,1.2334567719310683,0.074679792,-0.157684803,1.225674152,0.13457465516136313
1749907679,1.8000000000000005,0.00038044108845230584,0.6104120435855145,0.1745446252698426,-0.0694556331,1.2332692538968635,0.074679792,-0.157684803,1.225674152,0.13347305689943673
1749907679,1.9000000000000006,0.0002598105710505834,0.6104120435855145,0.17327438253111888,-0.0694556331,1.2331082223807805,0.074679792,-0.157684803,1.225674152,0.1325162069547286
1749907679,2.000000000000001,0.00017706580311460622,0.6104120435855145,0.17216090128259992,-0.0694556331,1.2329693443094607,0.074679792,-0.157684803,1.225674152,0.1316820903503634
1749907679,2.1000000000000005,0.00012045645951014489,0.6104120435855145,0.17118206425855623,-0.0694556331,1.2328490972231045,0.074679792,-0.157684803,1.225674152,0.1309524906645999
1749907679,2.200000000000001,8.181573155609908e-05,0.6104120435855145,0.17031929604915078,-0.0694556331,1.2327446005399414,0.074679792,-0.157684803,1.225674152,0.130312287979939
1749907679,2.3000000000000007,5.549269876901785e-05,0.6104120435855145,0.16955695138742288,-0.0694556331,1.2326534846604529,0.074679792,-0.157684803,1.225674152,0.12974888392219325
1749907679,2.4000000000000012,3.7592166206280294e-05,0.6104120435855145,0.1688818069850172,-0.0694556331,1.2325737891049786,0.074679792,-0.157684803,1.225674152,0.12925173515531957
1749907679,2.500000000000001,2.5437964724926064e-05,0.6104120435855145,0.1682826431874362,-0.0694556331,1.2325038828948118,0.074679792,-0.157684803,1.225674152,0.12881197691113952
1749907679,2.6000000000000014,1.7196660722167207e-05,0.6104120435855145,0.16774990138575535,-0.0694556331,1.2324424019961078,0.074679792,-0.157684803,1.225674152,0.1284221199417349
1749907679,2.700000000000001,1.161526855180921e-05,0.6104120435855145,0.16727540417942072,-0.0694556331,1.2323881998931787,0.074679792,-0.157684803,1.225674152,0.12807580667415938
1749907679,2.8000000000000016,7.839325338737366e-06,0.6104120435855145,0.1668521268994706,-0.0694556331,1.2323403083083133,0.074679792,-0.157684803,1.225674152,0.12776761476207538
1749907679,2.9000000000000012,5.28723312598503e-06,0.6104120435855145,0.16647401086847272,-0.0694556331,1.2322979058030108,0.074679792,-0.157684803,1.225674152,0.1274928984428507
1749907679,3.0000000000000018,3.563775848390642e-06,0.6104120435855145,0.16613581043955597,-0.0694556331,1.2322602925351887,0.074679792,-0.157684803,1.225674152,0.12724766000681004
1749907680,1.3,0.0036086945640992404,0.8978710871792281,0.20556437915477094,-0.07026667010000001,1.2439335950903558,0.075949833,-0.204440773,1.25373435,0.18681187130566926
1749907680,1.4000000000000001,0.002503735574884839,0.8978710871792281,0.20186737749589126,-0.07026667010000001,1.2431634253649921,0.075949833,-0.204440773,1.25373435,0.18430860627907084
1749907680,1.5000000000000002,0.001729958259859362,0.8978710871792281,0.19867195628380757,-0.07026667010000001,1.242515237210121,0.075949833,-0.204440773,1.25373435,0.1821792466887979
1749907680,1.6000000000000003,0.001191061597505897,0.8978710871792281,0.19590305923737517,-0.07026667010000001,1.241966780078494,0.075949833,-0.204440773,1.25373435,0.18036058903106364
1749907680,1.7000000000000004,0.000817504473480324,0.8978710871792281,0.19349692293452167,-0.07026667010000001,1.2415003113400354,0.075949833,-0.204440773,1.25373435,0.17880067098036245
1749907680,1.8000000000000005,0.0005596007766980875,0.8978710871792281,0.19139977232217142,-0.07026667010000001,1.241101633350358,0.075949833,-0.204440773,1.25373435,0.1774569353630987
1749907680,1.9000000000000006,0.00038216218428390657,0.8978710871792281,0.18956643594719153,-0.07026667010000001,1.2407593315710659,0.075949833,-0.204440773,1.25373435,0.1762945644582122
1749907680,2.000000000000001,0.00026045073457418166,0.8978710871792281,0.18795902544838083,-0.07026667010000001,1.2404641791683642,0.075949833,-0.204440773,1.25373435,0.17528504361712952
1749907680,2.1000000000000005,0.00017718256609558982,0.8978710871792281,0.1865457491740628,-0.07026667010000001,1.2402086745205658,0.075949833,-0.204440773,1.25373435,0.17440496111227766
1749907680,2.200000000000001,0.00012034490572817037,0.8978710871792281,0.18529988463990565,-0.07026667010000001,1.2399866826092563,0.075949833,-0.204440773,1.25373435,0.17363502538761105
1749907680,2.3000000000000007,8.162566629841945e-05,0.8978710871792281,0.18419890927819854,-0.07026667010000001,1.2397931566533171,0.075949833,-0.204440773,1.25373435,0.17295927056978652
1749907680,2.4000000000000012,5.529530338686147e-05,0.8978710871792281,0.18322377625649203,-0.07026667010000001,1.2396239213704203,0.075949833,-0.204440773,1.25373435,0.1723644191442286
1749907680,2.500000000000001,3.741736960010766e-05,0.8978710871792281,0.1823583169828592,-0.07026667010000001,1.2394755034910359,0.075949833,-0.204440773,1.25373435,0.17183937283497164
1749907680,2.6000000000000014,2.5295019357365463e-05,0.8978710871792281,0.1815887509632848,-0.07026667010000001,1.2393449985438412,0.075949833,-0.204440773,1.25373435,0.17137480652885437
1749907680,2.700000000000001,1.7085203203449906e-05,0.8978710871792281,0.1809032848749515,-0.07026667010000001,1.2392299655671692,0.075949833,-0.204440773,1.25373435,0.17096284425939717
1749907680,2.8000000000000016,1.1531069281167805e-05,0.8978710871792281,0.18029178484817254,-0.07026667010000001,1.2391283434128406,0.075949833,-0.204440773,1.25373435,0.17059680018373816
1749907680,2.9000000000000012,7.777129899195952e-06,0.8978710871792281,0.17974550836182004,-0.07026667010000001,1.2390383838294816,0.075949833,-0.204440773,1.25373435,0.1702709709096684
1749907680,3.0000000000000018,5.2420513800188655e-06,0.8978710871792281,0.17925688444111026,-0.07026667010000001,1.2389585976569095,0.075949833,-0.204440773,1.25373435,0.16998046835969222
1749907681,1.3,0.0016215112795365746,0.40344453363131666,0.16742279636367458,-0.06703608855,1.2175291347324957,0.104983553,-0.108084485,1.207028866,0.0754578399266715
1749907681,1.4000000000000001,0.0011250149890882008,0.40344453363131666,0.1657091896064497,-0.06703608855,1.2173696629404107,0.104983553,-0.108084485,1.207028866,0.07402368454581118
1749907681,1.5000000000000002,0.0007773300792469833,0.40344453363131666,0.16422930367412875,-0.06703608855,1.2172354329006578,0.104983553,-0.108084485,1.207028866,0.07279563058285166
1749907681,1.6000000000000003,0.0005351851703361703,0.40344453363131666,0.16294781656599722,-0.06703608855,1.217121835752124,0.104983553,-0.108084485,1.207028866,0.07174046794022225
1749907681,1.7000000000000004,0.0003673330345015865,0.40344453363131666,0.16183483048848757,-0.06703608855,1.2170251989493202,0.104983553,-0.108084485,1.207028866,0.0708305391453648
1749907681,1.8000000000000005,0.00025144798356739595,0.40344453363131666,0.16086520273142277,-0.06703608855,1.2169425852902536,0.104983553,-0.108084485,1.207028866,0.07004292582400981
1749907681,1.9000000000000006,0.0001717186870270266,0.40344453363131666,0.1600178607269298,-0.06703608855,1.216871634274674,0.104983553,-0.108084485,1.207028866,0.0693586762085877
1749907681,2.000000000000001,0.00011702952310707337,0.40344453363131666,0.1592751614117143,-0.06703608855,1.2168104383460974,0.104983553,-0.108084485,1.207028866,0.06876211713297693
1749907681,2.1000000000000005,7.961425506038826e-05,0.40344453363131666,0.15862232247419136,-0.06703608855,1.2167574468938294,0.104983553,-0.108084485,1.207028866,0.06824026471248186
1749907681,2.200000000000001,5.4075128445153595e-05,0.40344453363131666,0.15804693367129916,-0.06703608855,1.216711391902033,0.104983553,-0.108084485,1.207028866,0.06778233196952667
1749907681,2.3000000000000007,3.6677235008835656e-05,0.40344453363131666,0.15753854576876142,-0.06703608855,1.2166712302898,0.104983553,-0.108084485,1.207028866,0.06737932401811514
1749907681,2.4000000000000012,2.48460922792376e-05,0.40344453363131666,0.15708832952702215,-0.06703608855,1.2166360990518854,0.104983553,-0.108084485,1.207028866,0.06702370860345264
1749907681,2.500000000000001,1.6812918294820526e-05,0.40344453363131666,0.1566887952480433,-0.06703608855,1.2166052802027703,0.104983553,-0.108084485,1.207028866,0.06670914956756857
1749907681,2.6000000000000014,1.1365927061854863e-05,0.40344453363131666,0.1563335633008526,-0.06703608855,1.216578173238382,0.104983553,-0.108084485,1.207028866,0.06643029186859754
1749907681,2.700000000000001,7.676972715612341e-06,0.40344453363131666,0.15601717680212218,-0.06703608855,1.2165542733808663,0.104983553,-0.108084485,1.207028866,0.06618258830889259
1749907681,2.8000000000000016,5.181308246628628e-06,0.40344453363131666,0.15573494875117344,-0.06703608855,1.2165331542914888,0.104983553,-0.108084485,1.207028866,0.0659621597412966
1749907681,2.9000000000000012,3.4945334469211625e-06,0.40344453363131666,0.15548283716638048,-0.06703608855,1.216514454253479,0.104983553,-0.108084485,1.207028866,0.06576568206099409
1749907681,3.0000000000000018,2.3554349889216902e-06,0.40344453363131666,0.15525734281426823,-0.06703608855,1.2164978650646634,0.104983553,-0.108084485,1.207028866,0.06559029453122002
1749907682,1.3,0.0007480868114802273,0.18612977817806872,0.15059004419501787,-0.066625297,1.2111433280312964,0.118616141,-0.010129143,1.196916342,0.0664571518638197
1749907682,1.4000000000000001,0.0005190274570861977,0.18612977817806872,0.14979453953569485,-0.066625297,1.211109213787299,0.118616141,-0.010129143,1.196916342,0.0660707617756375
1749907682,1.5000000000000002,0.0003586224701549674,0.18612977817806872,0.14910764604270105,-0.066625297,1.2110804985829422,0.118616141,-0.010129143,1.196916342,0.06574321735560927
1749907682,1.6000000000000003,0.000246908530752072,0.18612977817806872,0.1485129179911847,-0.066625297,1.2110561964268907,0.118616141,-0.010129143,1.196916342,0.06546425111819434
1749907682,1.7000000000000004,0.00016946968053788977,0.18612977817806872,0.147996444978027,-0.066625297,1.2110355217447173,0.118616141,-0.010129143,1.196916342,0.06522552349576523
1749907682,1.8000000000000005,0.00011600592771320464,0.18612977817806872,0.14754653541870721,-0.066625297,1.2110178463206807,0.118616141,-0.010129143,1.196916342,0.06502027039408448
1749907682,1.9000000000000006,7.922268976527453e-05,0.18612977817806872,0.14715339465761718,-0.066625297,1.2110026653241992,0.118616141,-0.010129143,1.196916342,0.06484300091686675
1749907682,2.000000000000001,5.3991756884505454e-05,0.18612977817806872,0.14680882496935607,-0.066625297,1.2109895708159248,0.118616141,-0.010129143,1.196916342,0.06468924652129657
1749907682,2.1000000000000005,3.673016337790823e-05,0.18612977817806872,0.1465059598182018,-0.066625297,1.2109782312022404,0.118616141,-0.010129143,1.196916342,0.0645553571629801
1749907682,2.200000000000001,2.4947646636463776e-05,0.18612977817806872,0.14623903587255457,-0.066625297,1.2109683753261802,0.118616141,-0.010129143,1.196916342,0.06443833780081543
1749907682,2.3000000000000007,1.6921100789081467e-05,0.18612977817806872,0.14600320144308215,-0.066625297,1.2109597801320304,0.118616141,-0.010129143,1.196916342,0.0643357183147349
1749907682,2.4000000000000012,1.1462784246700087e-05,0.18612977817806872,0.14579435769002327,-0.066625297,1.210952261069896,0.118616141,-0.010129143,1.196916342,0.06424545044887027
1749907682,2.500000000000001,7.756666634131897e-06,0.18612977817806872,0.14560902811599347,-0.066625297,1.210945664598178,0.118616141,-0.010129143,1.196916342,0.0641658262957178
1749907682,2.6000000000000014,5.2436885530946735e-06,0.18612977817806872,0.14544425182702508,-0.066625297,1.210939862294516,0.118616141,-0.010129143,1.196916342,0.06409541378905016
1749907682,2.700000000000001,3.5417835898646912e-06,0.18612977817806872,0.14529749644313067,-0.066625297,1.2109347462038573,0.118616141,-0.010129143,1.196916342,0.06403300556351484
1749907682,2.8000000000000016,2.3904048121234115e-06,0.18612977817806872,0.14516658705156182,-0.066625297,1.210930225142224,0.118616141,-0.010129143,1.196916342,0.06397757828374345
1749907682,2.9000000000000012,1.612208571663713e-06,0.18612977817806872,0.14504964817418314,-0.066625297,1.2109262217425778,0.118616141,-0.010129143,1.196916342,0.06392826017279683
1749907682,3.0000000000000018,1.086683683763821e-06,0.18612977817806872,0.14494505627290005,-0.066625297,1.2109226700801503,0.118616141,-0.010129143,1.196916342,0.06388430497804663
1749907683,1.3,0.0007535326714049377,0.18748475020032576,0.15092534778762656,-0.06655764410000001,1.2111610242270348,0.138118252,-0.017445676,1.196798801,0.052747327602372815
1749907683,1.4000000000000001,0.0005228058298432006,0.18748475020032576,0.1501240717748645,-0.06655764410000001,1.2111264121803709,0.138118252,-0.017445676,1.196798801,0.05254907764421597
1749907683,1.5000000000000002,0.0003612331400776909,0.18748475020032576,0.1494321944564035,-0.06655764410000001,1.2110972779600793,0.138118252,-0.017445676,1.196798801,0.05238737584514181
1749907683,1.6000000000000003,0.00024870595486389563,0.18748475020032576,0.14883315098582034,-0.06655764410000001,1.211072621187265,0.138118252,-0.017445676,1.196798801,0.052254534862250276
1749907683,1.7000000000000004,0.00017070337177202427,0.18748475020032576,0.14831293016346647,-0.06655764410000001,1.2110516448239907,0.138118252,-0.017445676,1.196798801,0.05214461075301218
1749907683,1.8000000000000005,0.00011685041798233819,0.18748475020032576,0.1478597556606984,-0.06655764410000001,1.211033711487004,0.138118252,-0.017445676,1.196798801,0.052053001650239496
1749907683,1.9000000000000006,7.979940848922423e-05,0.18748475020032576,0.14746376181023552,-0.06655764410000001,1.211018308978608,0.138118252,-0.017445676,1.196798801,0.051976132709372735
1749907683,2.000000000000001,5.4384801569386664e-05,0.18748475020032576,0.1471166914419947,-0.06655764410000001,1.21100502340621,0.138118252,-0.017445676,1.196798801,0.05191121341387973
1749907683,2.1000000000000005,3.699754855526756e-05,0.18748475020032576,0.14681162821957056,-0.06655764410000001,1.21099351833705,0.138118252,-0.017445676,1.196798801,0.0518560526942532
1749907683,2.200000000000001,2.512925843197789e-05,0.18748475020032576,0.1465427670073872,-0.06655764410000001,1.2109835186569904,0.138118252,-0.017445676,1.196798801,0.0518089189114543
1749907683,2.3000000000000007,1.704428160614053e-05,0.18748475020032576,0.14630522092137543,-0.06655764410000001,1.2109747980551167,0.138118252,-0.017445676,1.196798801,0.05176843404316636
1749907683,2.4000000000000012,1.1546230066619285e-05,0.18748475020032576,0.14609486138396993,-0.06655764410000001,1.210967169288283,0.138118252,-0.017445676,1.196798801,0.05173349367549309
1749907683,2.500000000000001,7.81313296841812e-06,0.18748475020032576,0.14590818667429975,-0.06655764410000001,1.210960476574177,0.138118252,-0.017445676,1.196798801,0.051703206360471696
1749907683,2.6000000000000014,5.281861119313902e-06,0.18748475020032576,0.14574221441716756,-0.06655764410000001,1.2109545896163203,0.138118252,-0.017445676,1.196798801,0.051676847474896766
1749907683,2.700000000000001,3.5675667703967425e-06,0.18748475020032576,0.14559439385340092,-0.06655764410000001,1.2109493988842468,0.138118252,-0.017445676,1.196798801,0.05165382394507928
1749907683,2.8000000000000016,2.407806281538999e-06,0.18748475020032576,0.14546253428675018,-0.06655764410000001,1.2109448118633284,0.138118252,-0.017445676,1.196798801,0.05163364713351457
1749907683,2.9000000000000012,1.6239449930468482e-06,0.18748475020032576,0.14534474663249025,-0.06655764410000001,1.2109407500575233,0.138118252,-0.017445676,1.196798801,0.05161591187293331
1749907683,3.0000000000000018,1.0945944329354797e-06,0.18748475020032576,0.14523939557192844,-0.06655764410000001,1.210937146580051,0.138118252,-0.017445676,1.196798801,0.05160028015590986
1749907684,1.3,4.42757236030726e-05,0.011016142092663004,0.1340773296782351,-0.067280872075,1.2188453580668857,0.121081583,-0.048454925,1.1943506,0.03351565138485033
1749907684,1.4000000000000001,3.071878273977766e-05,0.011016142092663004,0.13403016851502753,-0.067280872075,1.2188452384058037,0.121081583,-0.048454925,1.1943506,0.03349730527582416
1749907684,1.5000000000000002,2.1225169489373048e-05,0.011016142092663004,0.13398944809008834,-0.067280872075,1.218845137682057,0.121081583,-0.048454925,1.1943506,0.03348151192393106
1749907684,1.6000000000000003,1.4613349273179156e-05,0.011016142092663004,0.13395419265811662,-0.067280872075,1.2188450524370682,0.121081583,-0.048454925,1.1943506,0.033467873593533544
1749907684,1.7000000000000004,1.003010963359958e-05,0.011016142092663004,0.13392357705272182,-0.067280872075,1.2188449799153664,0.121081583,-0.048454925,1.1943506,0.033456056880020214
1749907684,1.8000000000000005,6.865842724302091e-06,0.011016142092663004,0.1338969078326268,-0.067280872075,1.218844917913491,0.121081583,-0.048454925,1.1943506,0.033445783648819116
1749907684,1.9000000000000006,4.688816673827934e-06,0.011016142092663004,0.1338736041316622,-0.067280872075,1.218844864660791,0.121081583,-0.048454925,1.1943506,0.03343682235465074
1749907684,2.000000000000001,3.195516974737951e-06,0.011016142092663004,0.13385317983401196,-0.067280872075,1.218844818726473,0.121081583,-0.048454925,1.1943506,0.03342898024142449
1749907684,2.1000000000000005,2.173884817456039e-06,0.011016142092663004,0.13383522779385726,-0.067280872075,1.2188447789475276,0.121081583,-0.048454925,1.1943506,0.03342209659958656
1749907684,2.200000000000001,1.4765333248391174e-06,0.011016142092663004,0.1338194063050114,-0.067280872075,1.218844744372921,0.121081583,-0.048454925,1.1943506,0.033416037083740024
1749907684,2.3000000000000007,1.0014800021867605e-06,0.011016142092663004,0.13380542771433435,-0.067280872075,1.2188447142203254,0.121081583,-0.048454925,1.1943506,0.033410688993547315
1749907684,2.4000000000000012,6.784280370139398e-07,0.011016142092663004,0.13379324643817253,-0.067280872075,0.6369366508285688,0.121081583,-0.048454925,1.1943506,0.5578766112694875
1749907684,2.500000000000001,4.590804472203646e-07,0.011016142092663004,0.13378214735852617,-0.067280872075,0.8562842174804606,0.121081583,-0.048454925,1.1943506,0.3388282745110615
1749907684,2.6000000000000014,3.1034914862090427e-07,0.011016142092663004,0.13377233077019482,-0.067280872075,1.0050154957240438,0.121081583,-0.048454925,1.1943506,0.19069151285105623
1749907684,2.700000000000001,2.0962143548080998e-07,0.011016142092663004,0.1337636110065283,-0.067280872075,1.1057431909154078,0.121081583,-0.048454925,1.1943506,0.09146869990501298
1749907684,2.8000000000000016,1.414767659806929e-07,0.011016142092663004,0.13375584312398564,-0.067280872075,1.1738878445541117,0.121081583,-0.048454925,1.1943506,0.03055777337109788
1749907684,2.9000000000000012,9.541900754572214e-08,0.011016142092663004,0.13374890879902931,-0.067280872075,1.2199455889436188,0.121081583,-0.048454925,1.1943506,0.034204983338593085
1749907684,3.0000000000000018,6.431567257694849e-08,0.011016142092663004,0.1337427085848804,-0.067280872075,1.2510489114516419,0.121081583,-0.048454925,1.1943506,0.06106896843581208
1749907685,1.3,0.002087573341447572,0.5194043752826624,0.1777009936780677,-0.068915670625,1.2305597118279592,0.08893653,-0.13396278,1.216835976,0.11089904136273598
1749907685,1.4000000000000001,0.00144837185506392,0.5194043752826624,0.1755062620740878,-0.068915670625,1.2302965023595243,0.08893653,-0.13396278,1.216835976,0.10911750876599964
1749907685,1.5000000000000002,0.001000753785323717,0.5194043752826624,0.1736106140966423,-0.068915670625,1.2300749589852595,0.08893653,-0.13396278,1.216835976,0.10759227493706255
1749907685,1.6000000000000003,0.0006890104980652196,0.5194043752826624,0.17196892235420552,-0.068915670625,1.229887475161643,0.08893653,-0.13396278,1.216835976,0.10628191872784529
1749907685,1.7000000000000004,0.0004729135467239632,0.5194043752826624,0.17054296664083424,-0.068915670625,1.229727988960862,0.08893653,-0.13396278,1.216835976,0.10515198969796408
1749907685,1.8000000000000005,0.00032372029345738697,0.5194043752826624,0.1693005905455197,-0.068915670625,1.2295916517941325,0.08893653,-0.13396278,1.216835976,0.10417396954312622
1749907685,1.9000000000000006,0.00022107484406056765,0.5194043752826624,0.16821483328081469,-0.068915670625,1.2294745668114504,0.08893653,-0.13396278,1.216835976,0.10332429427209905
1749907685,2.000000000000001,0.0001506666747766761,0.5194043752826624,0.16726311518833087,-0.068915670625,1.2293735847654592,0.08893653,-0.13396278,1.216835976,0.10258348804200307
1749907685,2.1000000000000005,0.00010249734217746166,0.5194043752826624,0.16642651326272573,-0.068915670625,1.2292861456285775,0.08893653,-0.13396278,1.216835976,0.10193542400893361
1749907685,2.200000000000001,6.961764497236093e-05,0.5194043752826624,0.1656891378674363,-0.068915670625,1.2292101559018318,0.08893653,-0.13396278,1.216835976,0.10136670844384045
1749907685,2.3000000000000007,4.721917078759728e-05,0.5194043752826624,0.16503760797451375,-0.068915670625,1.2291438934519296,0.08893653,-0.13396278,1.216835976,0.1008661753955693
1749907685,2.4000000000000012,3.198746782452636e-05,0.5194043752826624,0.16446061552335192,-0.068915670625,1.2290859334652062,0.08893653,-0.13396278,1.216835976,0.10042447605081718
1749907685,2.500000000000001,2.1645362858181602e-05,0.5194043752826624,0.16394856696154822,-0.068915670625,1.2290350905769492,0.08893653,-0.13396278,1.216835976,0.10003374692385275
1749907685,2.6000000000000014,1.463277291660095e-05,0.5194043752826624,0.16349328982046893,-0.068915670625,1.2289903734067793,0.08893653,-0.13396278,1.216835976,0.0996873424728146
1749907685,2.700000000000001,9.883522727460133e-06,0.5194043752826624,0.16308779310684854,-0.068915670625,1.228950948638883,0.08893653,-0.13396278,1.216835976,0.09937961974381453
1749907685,2.8000000000000016,6.670543156860238e-06,0.5194043752826624,0.16272607172979864,-0.068915670625,1.2289161124777292,0.08893653,-0.13396278,1.216835976,0.09910576473675722
1749907685,2.9000000000000012,4.498947960864287e-06,0.5194043752826624,0.1624029466879047,-0.068915670625,1.2288852678321862,0.08893653,-0.13396278,1.216835976,0.0988616520834102
1749907685,3.0000000000000018,3.0324447029385385e-06,0.5194043752826624,0.16211393418817766,-0.068915670625,1.228857905973542,0.08893653,-0.13396278,1.216835976,0.0986437312861384
1749907686,1.3,0.0034616408060601867,0.8612829760883486,0.20317051517404508,-0.07065748192500002,1.243306783018019,0.077191666,-0.202114627,1.251234412,0.18224845330417028
1749907686,1.4000000000000001,0.0024017087286436175,0.8612829760883486,0.19961316812336666,-0.07065748192500002,1.242596315610829,0.077191666,-0.202114627,1.251234412,0.17984054571380634
1749907686,1.5000000000000002,0.0016594627222503153,0.8612829760883486,0.1965387144023201,-0.07065748192500002,1.2419983669723131,0.077191666,-0.202114627,1.251234412,0.17779202310949946
1749907686,1.6000000000000003,0.001142526017434448,0.8612829760883486,0.19387482077173826,-0.07065748192500002,1.2414924105858887,0.077191666,-0.202114627,1.251234412,0.17604217162460695
1749907686,1.7000000000000004,0.0007841912897503991,0.8612829760883486,0.1915600601834292,-0.07065748192500002,1.241062079728657,0.077191666,-0.202114627,1.251234412,0.17454107517488382
1749907686,1.8000000000000005,0.0005367971296303375,0.8612829760883486,0.18954264303719992,-0.07065748192500002,1.2406942784665838,0.077191666,-0.202114627,1.251234412,0.17324784976266014
1749907686,1.9000000000000006,0.00036658913303749574,0.8612829760883486,0.1877790756708331,-0.07065748192500002,1.240378478432131,0.077191666,-0.202114627,1.251234412,0.17212904305376317
1749907686,2.000000000000001,0.00024983740650696534,0.8612829760883486,0.18623288372656815,-0.07065748192500002,1.2401061693615385,0.077191666,-0.202114627,1.251234412,0.17115725499897136
1749907686,2.1000000000000005,0.00016996240330803533,0.8612829760883486,0.18487346661597542,-0.07065748192500002,1.2398704323467342,0.077191666,-0.202114627,1.251234412,0.17030998564009134
1749907686,2.200000000000001,0.0001154408690096734,0.8612829760883486,0.18367510617823024,-0.07065748192500002,1.2396656089801434,0.077191666,-0.202114627,1.251234412,0.16956869176464318
1749907686,2.3000000000000007,7.829943273433823e-05,0.8612829760883486,0.18261612854555256,-0.07065748192500002,1.2394870445566264,0.077191666,-0.202114627,1.251234412,0.1689180243080585
1749907686,2.4000000000000012,5.304202813163708e-05,0.8612829760883486,0.18167820618772676,-0.07065748192500002,1.2393308881439546,0.077191666,-0.202114627,1.251234412,0.1683452165992918
1749907686,2.500000000000001,3.589261744447448e-05,0.8612829760883486,0.18084578224622402,-0.07065748192500002,1.2391939362517235,0.077191666,-0.202114627,1.251234412,0.16783959563315254
1749907686,2.6000000000000014,2.4264251141851588e-05,0.8612829760883486,0.1801055984229012,-0.07065748192500002,1.239073509963387,0.077191666,-0.202114627,1.251234412,0.16739219222042337
1749907686,2.700000000000001,1.6388983755308466e-05,0.8612829760883486,0.17944630887978608,-0.07065748192500002,1.2389673578299618,0.077191666,-0.202114627,1.251234412,0.1669954298768467
1749907686,2.8000000000000016,1.106117995086155e-05,0.8612829760883486,0.1788581647033134,-0.07065748192500002,1.238873578681117,0.077191666,-0.202114627,1.251234412,0.16664287608595102
1749907686,2.9000000000000012,7.460213031303555e-06,0.8612829760883486,0.1783327557917277,-0.07065748192500002,1.23879055991308,0.077191666,-0.202114627,1.251234412,0.16632904283464467
1749907686,3.0000000000000018,5.028438578610167e-06,0.8612829760883486,0.17786279927961654,-0.07065748192500002,1.2387169278690517,0.077191666,-0.202114627,1.251234412,0.16604922606275663
1749907687,1.3,0.003564274895069357,0.8868191303522978,0.20472982853866217,-0.07069232617500001,1.2434200436172338,0.077725828,-0.203014702,1.252479434,0.18363360218354483
1749907687,1.4000000000000001,0.002472916921879084,0.8868191303522978,0.2010748681085473,-0.07069232617500001,1.242668137242928,0.077725828,-0.203014702,1.252479434,0.18116417522161463
1749907687,1.5000000000000002,0.0017086640849233773,0.8868191303522978,0.19791586630807073,-0.07069232617500001,1.2420353175757517,0.077725828,-0.203014702,1.252479434,0.1790640556347122
1749907687,1.6000000000000003,0.0011764007385676668,0.8868191303522978,0.19517858500216986,-0.07069232617500001,1.2414998614451385,0.077725828,-0.203014702,1.252479434,0.17727073160809928
1749907687,1.7000000000000004,0.0008074417548164326,0.8868191303522978,0.1927999630772828,-0.07069232617500001,1.24104444712941,0.077725828,-0.203014702,1.252479434,0.17573282741846452
1749907687,1.8000000000000005,0.0005527126123360811,0.8868191303522978,0.1907268225219951,-0.07069232617500001,1.2406552140254672,0.077725828,-0.203014702,1.252479434,0.17440827986348195
1749907687,1.9000000000000006,0.00037745812373234095,0.8868191303522978,0.18891449655302314,-0.07069232617500001,1.2403210187051805,0.077725828,-0.203014702,1.252479434,0.1732626855992019
1749907687,2.000000000000001,0.00025724482860932954,0.8868191303522978,0.1873255222302608,-0.07069232617500001,1.2400328535628626,0.077725828,-0.203014702,1.252479434,0.17226787710980052
1749907687,2.1000000000000005,0.00017500161373067385,0.8868191303522978,0.18592846631457563,-0.07069232617500001,1.2397833952551842,0.077725828,-0.203014702,1.252479434,0.17140073360991567
1749907687,2.200000000000001,0.00011886357202510254,0.8868191303522978,0.1846969085863916,-0.07069232617500001,1.239566654581492,0.077725828,-0.203014702,1.252479434,0.1706422078446709
1749907687,2.3000000000000007,8.062093037053286e-05,0.8868191303522978,0.18360858193758783,-0.07069232617500001,1.2393777047153844,0.077725828,-0.203014702,1.252479434,0.16997653966247125
1749907687,2.4000000000000012,5.46146697029286e-05,0.8868191303522978,0.18264465606910418,-0.07069232617500001,1.2392124696083182,0.077725828,-0.203014702,1.252479434,0.16939062539449146
1749907687,2.500000000000001,3.695679662999804e-05,0.8868191303522978,0.18178914655688483,-0.07069232617500001,1.2390675585280901,0.077725828,-0.203014702,1.252479434,0.1688735142546582
1749907687,2.6000000000000014,2.4983661228268955e-05,0.8868191303522978,0.18102843013016334,-0.07069232617500001,1.2389401360097176,0.077725828,-0.203014702,1.252479434,0.1684160067835152
1749907687,2.700000000000001,1.6874900264776296e-05,0.8868191303522978,0.18035084820330977,-0.07069232617500001,1.2388278190702717,0.077725828,-0.203014702,1.252479434,0.1680103345210998
1749907687,2.8000000000000016,1.1389132558086343e-05,0.8868191303522978,0.17974638282374975,-0.07069232617500001,1.2387285955036813,0.077725828,-0.203014702,1.252479434,0.16764990399600624
1749907687,2.9000000000000012,7.68140067357474e-06,0.8868191303522978,0.179206391572185,-0.07069232617500001,1.2386407585564911,0.077725828,-0.203014702,1.252479434,0.16732909150811642
1749907687,3.0000000000000018,5.177526609855557e-06,0.8868191303522978,0.1787233902356122,-0.07069232617500001,1.238562854403063,0.077725828,-0.203014702,1.252479434,0.16704307800440818
1749907688,1.3,0.0022502761520316406,0.5598860915463656,0.17865230891756662,-0.06756203182500001,1.2222602388909545,0.09277834,-0.132510573,1.216494441,0.10782344811651685
1749907688,1.4000000000000001,0.0015612561149416367,0.5598860915463656,0.17629152033828704,-0.06756203182500001,1.2219549264083411,0.09277834,-0.132510573,1.216494441,0.1059366848257516
1749907688,1.5000000000000002,0.001078751262270758,0.5598860915463656,0.1742523305694063,-0.06756203182500001,1.2216979470022908,0.09277834,-0.132510573,1.216494441,0.10432353816268047
1749907688,1.6000000000000003,0.0007427110997788843,0.5598860915463656,0.17248624713057586,-0.06756203182500001,1.221480477588552,0.09277834,-0.132510573,1.216494441,0.10293941917826986
1749907688,1.7000000000000004,0.0005097718269518157,0.5598860915463656,0.17095218972726206,-0.06756203182500001,1.221295486403565,0.09277834,-0.132510573,1.216494441,0.10174730374269536
1749907688,1.8000000000000005,0.00034895064131768944,0.5598860915463656,0.16961558903752674,-0.06756203182500001,1.2211373489409263,0.09277834,-0.132510573,1.216494441,0.10071659463347382
1749907688,1.9000000000000006,0.00023830513617243516,0.5598860915463656,0.16844745685270865,-0.06756203182500001,1.221001544619383,0.09277834,-0.132510573,1.216494441,0.09982205281933146
1749907688,2.000000000000001,0.00016240944374235107,0.5598860915463656,0.16742351260693583,-0.06756203182500001,1.2208844200537485,0.09277834,-0.132510573,1.216494441,0.09904285289899652
1749907688,2.1000000000000005,0.0001104858546376304,0.5598860915463656,0.1665234058328893,-0.06756203182500001,1.2207830053669382,0.09277834,-0.132510573,1.216494441,0.09836177875469321
1749907688,2.200000000000001,7.504355565935628e-05,0.5598860915463656,0.16573004686836534,-0.06756203182500001,1.220694871885391,0.09277834,-0.132510573,1.216494441,0.09776455469847707
1749907688,2.3000000000000007,5.0899372890228015e-05,0.5598860915463656,0.16502904314521286,-0.06756203182500001,1.2206180217564333,0.09277834,-0.132510573,1.216494441,0.09723929773498555
1749907688,2.4000000000000012,3.4480530374802564e-05,0.5598860915463656,0.16440823108226987,-0.06756203182500001,1.2205508020552631,0.09277834,-0.132510573,1.216494441,0.09677607329412147
1749907688,2.500000000000001,2.3332374903802037e-05,0.5598860915463656,0.16385729082823414,-0.06756203182500001,1.2204918376522884,0.09277834,-0.132510573,1.216494441,0.09636653688702797
1749907688,2.6000000000000014,1.577323262304581e-05,0.5598860915463656,0.16336743084613786,-0.06756203182500001,1.2204399784700866,0.09277834,-0.132510573,1.216494441,0.09600364583271215
1749907688,2.700000000000001,1.0653831915789872e-05,0.5598860915463656,0.1629311303156593,-0.06756203182500001,1.2203942578119413,0.09277834,-0.132510573,1.216494441,0.0956814274611339
1749907688,2.8000000000000016,7.190436804760006e-06,0.5598860915463656,0.16254192884870586,-0.06756203182500001,1.2203538592460288,0.09277834,-0.132510573,1.216494441,0.09539479251515633
1749907688,2.9000000000000012,4.84959024172255e-06,0.5598860915463656,0.16219425464025033,-0.06756203182500001,1.2203180901348927,0.09277834,-0.132510573,1.216494441,0.09513938458288425
1749907688,3.0000000000000018,3.2687895854453942e-06,0.5598860915463656,0.1618832837188309,-0.06756203182500001,1.220286360355126,0.09277834,-0.132510573,1.216494441,0.0949114582099508
1749907689,1.3,0.00033008023693954867,0.08212651304593467,0.13869518685326906,-0.066846107325,1.2082792230972272,0.120495975,-0.038028561,1.194740653,0.03667363042502373
1749907689,1.4000000000000001,0.0002290117983421657,0.08212651304593467,0.1383437084475831,-0.066846107325,1.2082725742330493,0.120495975,-0.038028561,1.194740653,0.03649801991433163
1749907689,1.5000000000000002,0.00015823590003728678,0.08212651304593467,0.1380402284579486,-0.066846107325,1.2082669776123705,0.120495975,-0.038028561,1.194740653,0.0363484973982348
1749907689,1.6000000000000003,0.00010894407585100686,0.08212651304593467,0.1377774760338207,-0.066846107325,1.2082622410629413,0.120495975,-0.038028561,1.194740653,0.03622063773485145
1749907689,1.7000000000000004,7.477553600407884e-05,0.08212651304593467,0.13754930216171732,-0.066846107325,1.2082582114788205,0.120495975,-0.038028561,1.194740653,0.03611082013339522
1749907689,1.8000000000000005,5.1185589049752706e-05,0.08212651304593467,0.13735053926097382,-0.066846107325,1.208254766425531,0.120495975,-0.038028561,1.194740653,0.036016087715060506
1749907689,1.9000000000000006,3.495562788624478e-05,0.08212651304593467,0.13717685858620104,-0.066846107325,1.2082518075170647,0.120495975,-0.038028561,1.194740653,0.03593402495955483
1749907689,2.000000000000001,2.382291952180888e-05,0.08212651304593467,0.1370246374305511,-0.066846107325,1.2082492552513935,0.120495975,-0.038028561,1.194740653,0.03586265456882669
1749907689,2.1000000000000005,1.6206542936666553e-05,0.08212651304593467,0.1368908415485058,-0.066846107325,1.2082470450057468,0.120495975,-0.038028561,1.194740653,0.035800352656778854
1749907689,2.200000000000001,1.1007713257976276e-05,0.08212651304593467,0.13677292431768978,-0.066846107325,1.2082451239357686,0.120495975,-0.038028561,1.194740653,0.0357457800381972
1749907689,2.3000000000000007,7.4661401217412315e-06,0.08212651304593467,0.1366687420310942,-0.066846107325,1.2082434485713178,0.120495975,-0.038028561,1.194740653,0.03569782707499668
1749907689,2.4000000000000012,5.057753300918467e-06,0.08212651304593467,0.13657648369126002,-0.066846107325,1.2082419829463569,0.120495975,-0.038028561,1.194740653,0.03565556963902835
1749907689,2.500000000000001,3.4224936480156355e-06,0.08212651304593467,0.13649461331536256,-0.066846107325,1.208240697137754,0.120495975,-0.038028561,1.194740653,0.035618234036243465
1749907689,2.6000000000000014,2.3136859699717304e-06,0.08212651304593467,0.13642182275442208,-0.066846107325,1.2082395661175898,0.120495975,-0.038028561,1.194740653,0.035585169077113975
1749907689,2.700000000000001,1.5627501362013281e-06,0.08212651304593467,0.13635699321795747,-0.066846107325,1.2082385688465787,0.120495975,-0.038028561,1.194740653,0.0355558238169954
1749907689,2.8000000000000016,1.0547243644168799e-06,0.08212651304593467,0.1362991638357035,-0.066846107325,1.2082376875537504,0.120495975,-0.038028561,1.194740653,0.03552972973884768
1749907689,2.9000000000000012,7.11358867933732e-07,0.08212651304593467,0.1362477247539362,-0.066846107325,0.5933980392270792,0.120495975,-0.038028561,1.194740653,0.6022387464583728
1749907689,3.0000000000000018,4.794801917512272e-07,0.08212651304593467,0.13620139442800624,-0.066846107325,0.8252760230679088,0.120495975,-0.038028561,1.194740653,0.3709194305323734
1749907690,1.3,0.00013853158479836686,0.0344677285489852,0.1353060659787982,-0.06773920204999999,1.2213306244834459,0.132451415,-0.046657663,1.194162607,0.0345062529827312
1749907690,1.4000000000000001,9.611410745465032e-05,0.0344677285489852,0.13515851396471745,-0.06773920204999999,1.2213294530949113,0.132451415,-0.046657663,1.194162607,0.03449343706078068
1749907690,1.5000000000000002,6.641012563310743e-05,0.0344677285489852,0.13503111276471993,-0.06773920204999999,1.221328467088295,0.132451415,-0.046657663,1.194162607,0.03448289552242952
1749907690,1.6000000000000003,4.572280855699178e-05,0.0344677285489852,0.13492080966127198,-0.06773920204999999,1.2213276326068416,0.132451415,-0.046657663,1.194162607,0.0344741615551438
1749907690,1.7000000000000004,3.138259231403031e-05,0.0344677285489852,0.1348250230261299,-0.06773920204999999,1.2213269226766255,0.132451415,-0.046657663,1.194162607,0.03446687322571834
1749907690,1.8000000000000005,2.1482112457398647e-05,0.0344677285489852,0.13474158333147784,-0.06773920204999999,1.2213263157274603,0.132451415,-0.046657663,1.194162607,0.03446074914353264
1749907690,1.9000000000000006,1.467054972330964e-05,0.0344677285489852,0.13466867325601747,-0.06773920204999999,1.2213257944260143,0.132451415,-0.046657663,1.194162607,0.03445556956475011
1749907690,2.000000000000001,9.998256261808684e-06,0.0344677285489852,0.1346047719149451,-0.06773920204999999,1.2213253447659067,0.132451415,-0.046657663,1.194162607,0.03445116192030738
1749907690,2.1000000000000005,6.801734323555912e-06,0.0344677285489852,0.13454860548656186,-0.06773920204999999,1.2213249553621477,0.132451415,-0.046657663,1.194162607,0.03444738981694067
1749907690,2.200000000000001,4.61983418568838e-06,0.0344677285489852,0.13449910487159253,-0.06773920204999999,1.2213246169048295,0.132451415,-0.046657663,1.194162607,0.034444144707002924
1749907690,2.3000000000000007,3.1334691012746303e-06,0.0344677285489852,0.13445537012501127,-0.06773920204999999,1.221324321735557,0.132451415,-0.046657663,1.194162607,0.034441339582477026
1749907690,2.4000000000000012,2.1226917030592357e-06,0.0344677285489852,0.13441664098356315,-0.06773920204999999,1.2213240635179738,0.132451415,-0.046657663,1.194162607,0.034438904193672217
1749907690,2.500000000000001,1.436388538186797e-06,0.0344677285489852,0.13438227264379624,-0.06773920204999999,1.2213238369803352,0.132451415,-0.046657663,1.194162607,0.034436781411768744
1749907690,2.6000000000000014,9.710323378270923e-07,0.0344677285489852,0.13435214047825986,-0.06773920204999999,0.3468112998863542,0.132451415,-0.046657663,1.194162607,0.847615645038047
1749907690,2.700000000000001,6.558715996422469e-07,0.0344677285489852,0.13432468460137112,-0.06773920204999999,0.6619718623680542,0.132451415,-0.046657663,1.194162607,0.5326114241167017
1749907690,2.8000000000000016,4.426579400295324e-07,0.0344677285489852,0.13430030163161563,-0.06773920204999999,0.8751853667108301,0.132451415,-0.046657663,1.194162607,0.31967847830748325
1749907690,2.9000000000000012,2.9855065619478405e-07,0.0344677285489852,0.13427856983653313,-0.06773920204999999,1.0192925130523316,0.132451415,-0.046657663,1.194162607,0.1761457338137365
1749907690,3.0000000000000018,2.0123334695402308e-07,0.0344677285489852,0.1342591545579896,-0.06773920204999999,1.1166097003129019,0.132451415,-0.046657663,1.194162607,0.08038751486794417
1749907691,1.3,0.003561173437800696,0.8860474638229783,0.2058034407858638,-0.06944422859999999,1.245209490843119,0.089964062,-0.204718083,1.252256036,0.1782342031159429
1749907691,1.4000000000000001,0.002470765110812893,0.8860474638229783,0.20215142041927947,-0.06944422859999999,1.244458852258656,0.089964062,-0.204718083,1.252256036,0.17591422667773224
1749907691,1.5000000000000002,0.0017071772892070266,0.8860474638229783,0.19899496541153947,-0.06944422859999999,1.243827099432307,0.089964062,-0.204718083,1.252256036,0.17394769488162537
1749907691,1.6000000000000003,0.001175377092320141,0.8860474638229783,0.19625989489491508,-0.06944422859999999,1.2432925458030277,0.089964062,-0.204718083,1.252256036,0.17227351488713327
1749907691,1.7000000000000004,0.0008067391585876848,0.8860474638229783,0.19388319690385145,-0.06944422859999999,1.2428378988671125,0.089964062,-0.204718083,1.252256036,0.17084175013869168
1749907691,1.8000000000000005,0.0005522316689185625,0.8860474638229783,0.19181173520116984,-0.06944422859999999,1.2424493214172379,0.089964062,-0.204718083,1.252256036,0.1696117209146598
1749907691,1.9000000000000006,0.0003771296781786368,0.8860474638229783,0.19000087830992318,-0.06944422859999999,1.2421156888441751,0.089964062,-0.204718083,1.252256036,0.16855030982498476
1749907691,2.000000000000001,0.00025702098677136704,0.8860474638229783,0.18841319304892457,-0.06944422859999999,1.2418280087596285,0.089964062,-0.204718083,1.252256036,0.16763051882233931
1749907691,2.1000000000000005,0.0001748493359061763,0.8860474638229783,0.18701727124864767,-0.06944422859999999,1.2415789701951156,0.089964062,-0.204718083,1.252256036,0.16683027556141009
1749907691,2.200000000000001,0.00011876014277222806,0.8860474638229783,0.18578671383002854,-0.06944422859999999,1.241362594071607,0.089964062,-0.204718083,1.252256036,0.1661314641030366
1749907691,2.3000000000000007,8.055077798951147e-05,0.8860474638229783,0.18469927155106755,-0.06944422859999999,1.2411739618890922,0.089964062,-0.204718083,1.252256036,0.16551914686681035
1749907691,2.4000000000000012,5.456714669493615e-05,0.8860474638229783,0.18373612925560984,-0.06944422859999999,1.2410090044871336,0.089964062,-0.204718083,1.252256036,0.16498094435259616
1749907691,2.500000000000001,3.692463863744447e-05,0.8860474638229783,0.18288131539831315,-0.06944422859999999,1.2408643368627048,0.089964062,-0.204718083,1.252256036,0.16450654233966924
1749907691,2.6000000000000014,2.496192167113733e-05,0.8860474638229783,0.18212121770306186,-0.06944422859999999,1.2407371283407986,0.089964062,-0.204718083,1.252256036,0.16408730074314706
1749907691,2.700000000000001,1.6860216553888416e-05,0.8860474638229783,0.18144418700569176,-0.06944422859999999,1.2406249999630246,0.089964062,-0.204718083,1.252256036,0.16371594288456703
1749907691,2.8000000000000016,1.1379222293307135e-05,0.8860474638229783,0.18084021345939244,-0.06944422859999999,1.2405259429206095,0.089964062,-0.204718083,1.252256036,0.1633863080920614
1749907691,2.9000000000000012,7.674716695303168e-06,0.8860474638229783,0.18030066164385827,-0.06944422859999999,1.2404382533406868,0.089964062,-0.204718083,1.252256036,0.16309315407591424
1749907691,3.0000000000000018,5.173021380037275e-06,0.8860474638229783,0.17981805341223356,-0.06944422859999999,1.2403604798504009,0.089964062,-0.204718083,1.252256036,0.1628319984310529
1749907692,1.3,0.00374368176293662,0.9314569451183163,0.20895441509272522,-0.06924605177500001,1.246708530744586,0.070529245,-0.210651413,1.257510185,0.19817588055317462
1749907692,1.4000000000000001,0.0025973905644884167,0.9314569451183163,0.2051304327899288,-0.06924605177500001,1.245881655007354,0.070529245,-0.210651413,1.257510185,0.1955714157217825
1749907692,1.5000000000000002,0.0017946692558874486,0.9314569451183163,0.20182499079327326,-0.06924605177500001,1.2451857498383965,0.070529245,-0.210651413,1.257510185,0.19335444331237162
1749907692,1.6000000000000003,0.0012356145697329127,0.9314569451183163,0.19896057038167378,-0.06924605177500001,1.2445969273275979,0.070529245,-0.210651413,1.257510185,0.19145974445344888
1749907692,1.7000000000000004,0.0008480841296279983,0.9314569451183163,0.19647129249377446,-0.06924605177500001,1.2440961379138336,0.070529245,-0.210651413,1.257510185,0.18983364340739697
1749907692,1.8000000000000005,0.0005805332607229726,0.9314569451183163,0.19430158234699552,-0.06924605177500001,1.2436681373554168,0.070529245,-0.210651413,1.257510185,0.18843213621488797
1749907692,1.9000000000000006,0.0003964573821294842,0.9314569451183163,0.1924047464162167,-0.06924605177500001,1.2433006692035464,0.070529245,-0.210651413,1.257510185,0.18721918803316243
1749907692,2.000000000000001,0.00027019318145374527,0.9314569451183163,0.19074161275158752,-0.06924605177500001,1.2429838258037218,0.070529245,-0.210651413,1.257510185,0.18616526167659458
1749907692,2.1000000000000005,0.00018381027532817559,0.9314569451183163,0.18927930793218561,-0.06924605177500001,1.242709551870784,0.070529245,-0.210651413,1.257510185,0.18524608597915482
1749907692,2.200000000000001,0.00012484653960990875,0.9314569451183163,0.1879901969222909,-0.06924605177500001,1.2424712595270404,0.070529245,-0.210651413,1.257510185,0.18444164575562838
1749907692,2.3000000000000007,8.467896434045217e-05,0.9314569451183163,0.1868509857360039,-0.06924605177500001,1.2422635294527755,0.070529245,-0.210651413,1.257510185,0.18373536419645115
1749907692,2.4000000000000012,5.7363685174367675e-05,0.9314569451183163,0.18584197354603493,-0.06924605177500001,1.2420818781812581,0.070529245,-0.210651413,1.257510185,0.18311344625449413
1749907692,2.500000000000001,3.881700756349462e-05,0.9314569451183163,0.18494643543083214,-0.06924605177500001,1.2419225761154484,0.070529245,-0.210651413,1.257510185,0.18256435358523793
1749907692,2.6000000000000014,2.6241207444757767e-05,0.9314569451183163,0.18415011589749355,-0.06924605177500001,1.2417825044828443,0.070529245,-0.210651413,1.257510185,0.18207838537598947
1749907692,2.700000000000001,1.7724294066097294e-05,0.9314569451183163,0.18344081450775795,-0.06924605177500001,1.241659042272024,0.070529245,-0.210651413,1.257510185,0.1816473436019934
1749907692,2.8000000000000016,1.1962401640894163e-05,0.9314569451183163,0.1828080471156509,-0.06924605177500001,1.2415499763526854,0.070529245,-0.210651413,1.257510185,0.18126426522556519
1749907692,2.9000000000000012,8.068042017536712e-06,0.9314569451183163,0.18224276868522937,-0.06924605177500001,1.2414534296127644,0.070529245,-0.210651413,1.257510185,0.1809232073309241
1749907692,3.0000000000000018,5.438136091368493e-06,0.9314569451183163,0.18173714602384305,-0.06924605177500001,1.2413678031744215,0.070529245,-0.210651413,1.257510185,0.1806190740877175
1749907693,1.3,0.003323446077558015,0.8268990599883018,0.19935251393875153,-0.067505938475,1.2359462951031694,0.068872191,-0.176910505,1.24117136,0.17035778571553498
1749907693,1.4000000000000001,0.0023058283342609455,0.8268990599883018,0.19592762456657498,-0.067505938475,1.2352899315776882,0.068872191,-0.176910505,1.24117136,0.16777077688203113
1749907693,1.5000000000000002,0.0015932140808663283,0.8268990599883018,0.19296787308467364,-0.067505938475,1.2347375124005735,0.068872191,-0.176910505,1.24117136,0.16556114243238415
1749907693,1.6000000000000003,0.0010969143894141156,0.8268990599883018,0.19040352244707842,-0.067505938475,1.234270073548784,0.068872191,-0.176910505,1.24117136,0.16366689174816182
1749907693,1.7000000000000004,0.0007528850080035748,0.8268990599883018,0.18817537027719974,-0.067505938475,1.233872495111352,0.068872191,-0.176910505,1.24117136,0.16203666619266627
1749907693,1.8000000000000005,0.0005153672535264562,0.8268990599883018,0.18623351564448232,-0.067505938475,1.2335326793880501,0.068872191,-0.176910505,1.24117136,0.16062810818882883
1749907693,1.9000000000000006,0.00035195425652943254,0.8268990599883018,0.18453605966584358,-0.067505938475,1.2332409008852299,0.068872191,-0.176910505,1.24117136,0.15940634201010856
1749907693,2.000000000000001,0.00023986346221399515,0.8268990599883018,0.18304787120534713,-0.067505938475,1.2329892985170434,0.068872191,-0.176910505,1.24117136,0.15834263878370766
1749907693,2.1000000000000005,0.00016317720822378194,0.8268990599883018,0.1817394805568171,-0.067505938475,1.2327714812664488,0.068872191,-0.176910505,1.24117136,0.1574132846717961
1749907693,2.200000000000001,0.00011083226850932178,0.8268990599883018,0.18058612275177155,-0.067505938475,1.2325822224881924,0.068872191,-0.176910505,1.24117136,0.1565986430565711
1749907693,2.3000000000000007,7.51735830420037e-05,0.8268990599883018,0.1795669291443221,-0.067505938475,1.2324172226579528,0.068872191,-0.176910505,1.24117136,0.15588238883840153
1749907693,2.4000000000000012,5.092449801007637e-05,0.8268990599883018,0.17866425446616074,-0.067505938475,1.2322729246745272,0.068872191,-0.176910505,1.24117136,0.1552508889762704
1749907693,2.500000000000001,3.4459721658670284e-05,0.8268990599883018,0.17786312195483733,-0.067505938475,1.232146369447645,0.068872191,-0.176910505,1.24117136,0.15469270396950002
1749907693,2.6000000000000014,2.329557998654675e-05,0.8268990599883018,0.17715076840172614,-0.067505938475,1.2320350824034336,0.068872191,-0.176910505,1.24117136,0.15419818763197662
1749907693,2.700000000000001,1.5734706986752262e-05,0.8268990599883018,0.17651627215614718,-0.067505938475,1.2319369837900496,0.068872191,-0.176910505,1.24117136,0.15375916586812394
1749907693,2.8000000000000016,1.0619598387128274e-05,0.8268990599883018,0.17595024916097676,-0.067505938475,1.231850317382938,0.068872191,-0.176910505,1.24117136,0.15336867852178213
1749907693,2.9000000000000012,7.162388337122551e-06,0.8268990599883018,0.17544460434469986,-0.067505938475,1.2317735934866842,0.068872191,-0.176910505,1.24117136,0.15302077139419834
1749907693,3.0000000000000018,4.827694554867342e-06,0.8268990599883018,0.17499232784951546,-0.067505938475,1.2317055431066464,0.068872191,-0.176910505,1.24117136,0.15271032810828986
1749907694,1.3,0.000483067491106,0.12019092381362274,0.14597769555148557,-0.0664730808,1.213224788667947,0.141812578,-0.019139249,1.19504571,0.05087552199539374
1749907694,1.4000000000000001,0.0003351553424844511,0.12019092381362274,0.14546350451372864,-0.0664730808,1.213210552521118,0.141812578,-0.019139249,1.19504571,0.05083091973490502
1749907694,1.5000000000000002,0.00023157587361981628,0.12019092381362274,0.14501952786792385,-0.0664730808,1.2131985693917364,0.141812578,-0.019139249,1.19504571,0.050796677690792144
1749907694,1.6000000000000003,0.00015943802597865285,0.12019092381362274,0.14463513067849335,-0.0664730808,1.2131884278137057,0.141812578,-0.019139249,1.19504571,0.050770233859628
1749907694,1.7000000000000004,0.00010943287883125247,0.12019092381362274,0.14430131851986883,-0.0664730808,1.2131797999643597,0.141812578,-0.019139249,1.19504571,0.05074968651214918
1749907694,1.8000000000000005,7.490934420158925e-05,0.12019092381362274,0.14401053230131985,-0.0664730808,1.2131724236915828,0.141812578,-0.019139249,1.19504571,0.05073362184230494
1749907694,1.9000000000000006,5.115703872369586e-05,0.12019092381362274,0.14375643980823702,-0.0664730808,1.213166088333975,0.141812578,-0.019139249,1.19504571,0.05072098522866648
1749907694,2.000000000000001,3.4864486498559954e-05,0.12019092381362274,0.14353374152806286,-0.0664730808,1.2131606236634411,0.141812578,-0.019139249,1.19504571,0.0507109863224425
1749907694,2.1000000000000005,2.371803325308132e-05,0.12019092381362274,0.1433379987098552,-0.0664730808,1.2131558913107636,0.141812578,-0.019139249,1.19504571,0.05070302957734853
1749907694,2.200000000000001,1.6109623755870913e-05,0.12019092381362274,0.1431654858863423,-0.0664730808,1.2131517781263612,0.141812578,-0.019139249,1.19504571,0.05069666355507087
1749907694,2.3000000000000007,1.0926584427761146e-05,0.12019092381362274,0.14301306698063845,-0.0664730808,1.213148191032579,0.141812578,-0.019139249,1.19504571,0.0506915439318848
1749907694,2.4000000000000012,7.4019463278415885e-06,0.12019092381362274,0.14287809261644308,-0.0664730808,1.2131450530194958,0.141812578,-0.019139249,1.19504571,0.05068740644386844
1749907694,2.500000000000001,5.008768277683711e-06,0.12019092381362274,0.14275831572973582,-0.0664730808,1.2131423000162573,0.141812578,-0.019139249,1.19504571,0.050684047026067665
1749907694,2.6000000000000014,3.386044820750922e-06,0.12019092381362274,0.14265182255976694,-0.0664730808,1.213139878433652,0.141812578,-0.019139249,1.19504571,0.05068130716158727
1749907694,2.700000000000001,2.2870614566923957e-06,0.12019092381362274,0.14255697633698355,-0.0664730808,1.213137743222953,0.141812578,-0.019139249,1.19504571,0.05067906301319343
1749907694,2.8000000000000016,1.5435733361417323e-06,0.12019092381362274,0.14247237134753554,-0.0664730808,1.2131358563335697,0.141812578,-0.019139249,1.19504571,0.0506772173121424
1749907694,2.9000000000000012,1.041063066346762e-06,0.12019092381362274,0.14239679544382394,-0.0664730808,1.2131341854803706,0.141812578,-0.019139249,1.19504571,0.050675693267051874
1749907694,3.0000000000000018,7.017120910110973e-07,0.12019092381362274,0.1423294116868325,-0.0664730808,0.6079406121417616,0.141812578,-0.019139249,1.19504571,0.5890103179750438
1749907695,1.3,0.00022865846787765043,0.05689199335086665,0.13818576126972246,-0.06681600085,1.2148659208892183,0.125470608,-0.037557669,1.194180965,0.038020948245094735
1749907695,1.4000000000000001,0.00015864472050901773,0.05689199335086665,0.13794223802985228,-0.06681600085,1.2148627297706844,0.125470608,-0.037557669,1.194180965,0.037938462439536996
1749907695,1.5000000000000002,0.00010961570677857172,0.05689199335086665,0.13773197161555417,-0.06681600085,1.2148600436740602,0.125470608,-0.037557669,1.194180965,0.03786839467373194
1749907695,1.6000000000000003,7.546948493314368e-05,0.05689199335086665,0.1375499239860509,-0.06681600085,1.2148577703662293,0.125470608,-0.037557669,1.194180965,0.03780859872421248
1749907695,1.7000000000000004,5.179970681054169e-05,0.05689199335086665,0.137391834514133,-0.06681600085,1.214855836364233,0.125470608,-0.037557669,1.194180965,0.03775732948943265
1749907695,1.8000000000000005,3.545810096978022e-05,0.05689199335086665,0.13725412265660208,-0.06681600085,1.2148541829060004,0.125470608,-0.037557669,1.194180965,0.037713169303256106
1749907695,1.9000000000000006,2.4215022354197575e-05,0.05689199335086665,0.1371337891235279,-0.06681600085,1.214852762771552,0.125470608,-0.037557669,1.194180965,0.03767496515821727
1749907695,2.000000000000001,1.6502994328700193e-05,0.05689199335086665,0.13702832384629335,-0.06681600085,1.2148515378042566,0.125470608,-0.037557669,1.194180965,0.037641776768431896
1749907695,2.1000000000000005,1.1226855966448575e-05,0.05689199335086665,0.13693562450151056,-0.06681600085,1.2148504769887425,0.125470608,-0.037557669,1.194180965,0.037612834403663475
1749907695,2.200000000000001,7.625439413588166e-06,0.05689199335086665,0.1368539266333367,-0.06681600085,1.2148495549626406,0.125470608,-0.037557669,1.194180965,0.03758750506214215
1749907695,2.3000000000000007,5.172064153328461e-06,0.05689199335086665,0.13678174495883547,-0.06681600085,1.2148487508626864,0.125470608,-0.037557669,1.194180965,0.03756526553096787
1749907695,2.4000000000000012,3.503687865150643e-06,0.05689199335086665,0.13671782471975508,-0.06681600085,1.2148480474271657,0.125470608,-0.037557669,1.194180965,0.03754568101176393
1749907695,2.500000000000001,2.3708846101548604e-06,0.05689199335086665,0.1366611017092346,-0.06681600085,1.2148474302946166,0.125470608,-0.037557669,1.194180965,0.03752838818647471
1749907695,2.6000000000000014,1.6027735981680152e-06,0.05689199335086665,0.13661066957760043,-0.06681600085,1.2148468874529987,0.125470608,-0.037557669,1.194180965,0.037513081790634235
1749907695,2.700000000000001,1.0825733013662016e-06,0.05689199335086665,0.13656575316863065,-0.06681600085,1.214846408804589,0.125470608,-0.037557669,1.194180965,0.03749950395136369
1749907695,2.8000000000000016,7.306455528416289e-07,0.05689199335086665,0.13652591839140465,-0.06681600085,0.580720432978695,0.125470608,-0.037557669,1.194180965,0.6142573517820992
1749907695,2.9000000000000012,4.927839072131315e-07,0.05689199335086665,0.13648999395406577,-0.06681600085,0.8185817040501042,0.125470608,-0.037557669,1.194180965,0.3768982378249562
1749907695,3.0000000000000018,3.3215319717428817e-07,0.05689199335086665,0.1364579239508092,-0.06681600085,0.9792120817925548,0.125470608,-0.037557669,1.194180965,0.21722889274197346
1749907696,1.3,0.0015467094539504925,0.3848332615302845,0.16709877745872298,-0.068728303175,1.2269041943454622,0.091463298,-0.126348302,1.208883882,0.09677562541555558
1749907696,1.4000000000000001,0.0010731169998126934,0.3848332615302845,0.16546305795867422,-0.068728303175,1.2267590126613923,0.091463298,-0.126348302,1.208883882,0.09547538444382538
1749907696,1.5000000000000002,0.0007414711186930573,0.3848332615302845,0.16405046245569463,-0.068728303175,1.2266368105096201,0.091463298,-0.126348302,1.208883882,0.09436168279009621
1749907696,1.6000000000000003,0.0005104965799618959,0.3848332615302845,0.1628272630181459,-0.068728303175,1.2265333919933996,0.091463298,-0.126348302,1.208883882,0.09340441622702464
1749907696,1.7000000000000004,0.0003503876194893352,0.3848332615302845,0.16176491345124225,-0.068728303175,1.226445413688059,0.091463298,-0.126348302,1.208883882,0.09257855472450434
1749907696,1.8000000000000005,0.0002398484538890357,0.3848332615302845,0.1608394091999919,-0.068728303175,1.2263702016454179,0.091463298,-0.126348302,1.208883882,0.09186337923551675
1749907696,1.9000000000000006,0.00016379714405722516,0.3848332615302845,0.16003063261477646,-0.068728303175,1.2263056069497438,0.091463298,-0.126348302,1.208883882,0.09124176752448544
1749907696,2.000000000000001,0.00011163084220589607,0.3848332615302845,0.15932174081928813,-0.068728303175,1.2262498930400134,0.091463298,-0.126348302,1.208883882,0.09069956375801078
1749907696,2.1000000000000005,7.594157532244956e-05,0.3848332615302845,0.1586986224049448,-0.068728303175,1.2262016483095208,0.091463298,-0.126348302,1.208883882,0.09022504165907787
1749907696,2.200000000000001,5.158059240488911e-05,0.3848332615302845,0.15814943069413057,-0.068728303175,1.2261597184155337,0.091463298,-0.126348302,1.208883882,0.0898084577428455
1749907696,2.3000000000000007,3.4985279997030395e-05,0.3848332615302845,0.15766419118997144,-0.068728303175,1.2261231537858281,0.091463298,-0.126348302,1.208883882,0.08944168499893469
1749907696,2.4000000000000012,2.3699918900968904e-05,0.3848332615302845,0.15723447594726425,-0.068728303175,1.2260911687796363,0.091463298,-0.126348302,1.208883882,0.08911791532279209
1749907696,2.500000000000001,1.6037322714479176e-05,0.3848332615302845,0.15685313579319793,-0.068728303175,1.2260631097738388,0.091463298,-0.126348302,1.208883882,0.08883141909324185
1749907696,2.6000000000000014,1.0841606260368991e-05,0.3848332615302845,0.15651408123345303,-0.068728303175,1.226038430093308,0.091463298,-0.126348302,1.208883882,0.08857735141764123
1749907696,2.700000000000001,7.322826813977623e-06,0.3848332615302845,0.1562121036137732,-0.068728303175,1.2260166702060928,0.091463298,-0.126348302,1.208883882,0.08835159605076763
1749907696,2.8000000000000016,4.942289671387628e-06,0.3848332615302845,0.1559427291892067,-0.068728303175,1.2259974419862942,0.091463298,-0.126348302,1.208883882,0.08815063951260439
1749907696,2.9000000000000012,3.3333273642375848e-06,0.3848332615302845,0.15570209991043998,-0.068728303175,1.2259804161358463,0.091463298,-0.126348302,1.208883882,0.08797146932352501
1749907696,3.0000000000000018,2.2467765790517136e-06,0.3848332615302845,0.1554868758085706,-0.068728303175,1.2259653120731624,0.091463298,-0.126348302,1.208883882,0.08781149146522581
1749907697,1.3,0.003424835154515462,0.8521254456352134,0.20285069767501984,-0.06987142005,1.243615352061349,0.085079856,-0.189954624,1.246243596,0.168216689677157
1749907697,1.4000000000000001,0.0023761727301010683,0.8521254456352134,0.1993285148981587,-0.06987142005,1.2429194850290493,0.085079856,-0.189954624,1.246243596,0.16578233212460342
1749907697,1.5000000000000002,0.0016418186019823548,0.8521254456352134,0.19628451470883015,-0.06987142005,1.2423338227916114,0.085079856,-0.189954624,1.246243596,0.1637123645788116
1749907697,1.6000000000000003,0.0011303781901945865,0.8521254456352134,0.1936470518490908,-0.06987142005,1.2418382604721336,0.085079856,-0.189954624,1.246243596,0.16194511065958497
1749907697,1.7000000000000004,0.0007758534312110519,0.8521254456352134,0.19135528906351026,-0.06987142005,1.241416767816988,0.085079856,-0.189954624,1.246243596,0.16042986571721074
1749907697,1.8000000000000005,0.0005310896720371654,0.8521254456352134,0.18935793763667855,-0.06987142005,1.2410565182892614,0.085079856,-0.189954624,1.246243596,0.15912510787396292
1749907697,1.9000000000000006,0.00036269139995466406,0.8521254456352134,0.18761192696276013,-0.06987142005,1.24074720020204,0.085079856,-0.189954624,1.246243596,0.15799687279682975
1749907697,2.000000000000001,0.00024718102791602807,0.8521254456352134,0.18608113908401316,-0.06987142005,1.2404804784959729,0.085079856,-0.189954624,1.246243596,0.1570173512032332
1749907697,2.1000000000000005,0.00016815529005096138,0.8521254456352134,0.18473527352295627,-0.06987142005,1.2402495767355004,0.085079856,-0.189954624,1.246243596,0.1561637165910034
1749907697,2.200000000000001,0.00011421345211784803,0.8521254456352134,0.18354886511028046,-0.06987142005,1.2400489530421486,0.085079856,-0.189954624,1.246243596,0.1554171651634177
1749907697,2.3000000000000007,7.74669195422345e-05,0.8521254456352134,0.18250045372123552,-0.06987142005,1.2398740485712767,0.085079856,-0.189954624,1.246243596,0.15476213963921168
1749907697,2.4000000000000012,5.247806251128132e-05,0.8521254456352134,0.18157189294692283,-0.06987142005,1.2397210916930552,0.085079856,-0.189954624,1.246243596,0.15418570662515294
1749907697,2.500000000000001,3.55109917228292e-05,0.8521254456352134,0.18074777994066046,-0.06987142005,1.2395869448780172,0.085079856,-0.189954624,1.246243596,0.15367705927096956
1749907697,2.6000000000000014,2.4006263204178437e-05,0.8521254456352134,0.18001498785559084,-0.06987142005,1.239468984358869,0.085079856,-0.189954624,1.246243596,0.153227120622375
1749907697,2.700000000000001,1.6214729042279306e-05,0.8521254456352134,0.17936228348895475,-0.06987142005,1.2393650050246485,0.085079856,-0.189954624,1.246243596,0.15282822716341865
1749907697,2.8000000000000016,1.0943572735742008e-05,0.8521254456352134,0.17878001480970918,-0.06987142005,1.239273144822673,0.085079856,-0.189954624,1.246243596,0.15247387586559713
1749907697,2.9000000000000012,7.38089284279674e-06,0.8521254456352134,0.17825985537322298,-0.06987142005,1.2391918243187865,0.085079856,-0.189954624,1.246243596,0.1521585214108467
1749907697,3.0000000000000018,4.974974060334795e-06,0.8521254456352134,0.17779459481718896,-0.06987142005,1.2391196981010761,0.085079856,-0.189954624,1.246243596,0.15187741302152585
1749907698,1.3,0.0035724070952176195,0.8888424845759885,0.2056529623564267,-0.06981036071874999,1.244973155280248,0.082479328,-0.199456796,1.251064539,0.1789330806120749
1749907698,1.4000000000000001,0.0024785590948176992,0.8888424845759885,0.20199029579818684,-0.06981036071874999,1.2442179201016015,0.082479328,-0.199456796,1.251064539,0.1764594735216404
1749907698,1.5000000000000002,0.001712562549192777,0.8888424845759885,0.19882461858731676,-0.06981036071874999,1.2435822992594976,0.082479328,-0.199456796,1.251064539,0.17435712986430144
1749907698,1.6000000000000003,0.0011790847981708783,0.8888424845759885,0.19608154251888044,-0.06981036071874999,1.2430444734589858,0.082479328,-0.199456796,1.251064539,0.17256298205586051
1749907698,1.7000000000000004,0.0008092840027214175,0.8888424845759885,0.19369787767932517,-0.06981036071874999,1.242587044261303,0.082479328,-0.199456796,1.251064539,0.1710252375848445
1749907698,1.8000000000000005,0.0005539736737638077,0.8888424845759885,0.19162033657708505,-0.06981036071874999,1.242196089633227,0.082479328,-0.199456796,1.251064539,0.16970152423749682
1749907698,1.9000000000000006,0.0003783193269504276,0.8888424845759885,0.18980415989654453,-0.06981036071874999,1.2418604167338116,0.082479328,-0.199456796,1.251064539,0.16855721162100373
1749907698,2.000000000000001,0.000257831754841156,0.8888424845759885,0.1882118067019952,-0.06981036071874999,1.241570978000949,0.082479328,-0.199456796,1.251064539,0.16756396669345683
1749907698,2.1000000000000005,0.00017540089498451194,0.8888424845759885,0.18681177804827473,-0.06981036071874999,1.2413204175985302,0.082479328,-0.199456796,1.251064539,0.16669854893218977
1749907698,2.200000000000001,0.00011913476950186921,0.8888424845759885,0.18557759830600648,-0.06981036071874999,1.2411027197494169,0.082479328,-0.199456796,1.251064539,0.16594182524007323
1749907698,2.3000000000000007,8.08048739666958e-05,0.8888424845759885,0.1844869535395456,-0.06981036071874999,1.2409129357644852,0.082479328,-0.199456796,1.251064539,0.16527797462941882
1749907698,2.4000000000000012,5.47392777755747e-05,0.8888424845759885,0.183520973759065,-0.06981036071874999,1.2407469715090038,0.082479328,-0.199456796,1.251064539,0.16469385100169034
1749907698,2.500000000000001,3.704111674443409e-05,0.8888424845759885,0.1826636407835454,-0.06981036071874999,1.2406014212076082,0.082479328,-0.199456796,1.251064539,0.1641784746639585
1749907698,2.6000000000000014,2.5040663603093003e-05,0.8888424845759885,0.1819013025251023,-0.06981036071874999,1.2404734368182435,0.082479328,-0.199456796,1.251064539,0.1637226271626187
1749907698,2.700000000000001,1.6913401803090575e-05,0.8888424845759885,0.18122227570247962,-0.06981036071874999,1.2403606247907382,0.082479328,-0.199456796,1.251064539,0.16331852828601293
1749907698,2.8000000000000016,1.1415117844913007e-05,0.8888424845759885,0.1806165211175091,-0.06981036071874999,1.240260963998744,0.082479328,-0.199456796,1.251064539,0.16295957807667022
1749907698,2.9000000000000012,7.698926450776416e-06,0.8888424845759885,0.18007537800425394,-0.06981036071874999,1.2401727401252662,0.082479328,-0.199456796,1.251064539,0.16264015014840533
1749907698,3.0000000000000018,5.189339582733308e-06,0.8888424845759885,0.1795913462495929,-0.06981036071874999,1.2400944929044315,0.082479328,-0.199456796,1.251064539,0.16235542547443096
